id,faction,name,type,P,Pp,S,K,actEv,T,budget,target,net,verdict,formulaNote
flame_imp,烈焰帝国,小鬼,MINION,0,1,3,0,0,0,3.05,3.05,-0.05,正常,对账口径(生成器预算)
flame_imp_v2,烈焰帝国,小鬼·老兵,MINION,0,0,5,-1,2,0,4.55,5.55,0.45,正常,对账口径(生成器预算)
flame_bolt,烈焰帝国,闪电箭,SPELL,0,1,0,0,1,0,3.05,3.05,-2.05,亏模,SPELL无身材-公式不适用
flame_imp_v3,烈焰帝国,小鬼·精英,MINION,0,0,3,0,3,0,4.55,6.55,-0.55,正常,对账口径(生成器预算)
flame_trap,烈焰帝国,炎爆陷阱,AMBUSH,0,1,0,0,0,0,3.05,3.05,-3.05,亏模,AMBUSH无身材-公式不适用
flame_bolt_v2,烈焰帝国,闪电箭·老兵,SPELL,0,0,0,0,4,0,4.55,5.55,-1.55,亏模,SPELL无身材-公式不适用
flame_retribution,烈焰帝国,天罚,PUNISH,1,1,0,0,0,0,3.46,3.46,-3.46,亏模,PUNISH不从主动出-公式不适用
flame_recruit,烈焰帝国,新兵,MINION,0,0,5,0,0,0,4.55,4.55,0.45,正常,对账口径(生成器预算)
flame_bolt_v3,烈焰帝国,闪电箭·精英,SPELL,0,1,0,0,2,0,3.05,5.05,-3.05,亏模,SPELL无身材-公式不适用
flame_recruit_v2,烈焰帝国,新兵·老兵,MINION,0,0,4,0,2,0,4.55,5.55,0.45,正常,对账口径(生成器预算)
flame_recruit_v3,烈焰帝国,新兵·精英,MINION,0,1,3,0,2,0,3.05,5.05,-0.05,正常,对账口径(生成器预算)
flame_zealot,烈焰帝国,狂信者,MINION,0,0,3,0,0,1,4.55,3.05,-0.05,正常,对账口径(生成器预算)
flame_strike,烈焰帝国,轰击,SPELL,0,1,0,0,1,0,3.05,3.05,-2.05,亏模,SPELL无身材-公式不适用
flame_zealot_v2,烈焰帝国,狂信者·老兵,MINION,0,0,4,0,0,1,4.55,4.05,-0.05,正常,对账口径(生成器预算)
flame_trap_v2,烈焰帝国,炎爆陷阱·老兵,AMBUSH,0,1,0,0,0,0,3.05,4.05,-4.05,亏模,AMBUSH无身材-公式不适用
flame_strike_v2,烈焰帝国,轰击·老兵,SPELL,0,0,0,0,2.5,0,4.55,5.55,-3.05,亏模,SPELL无身材-公式不适用
flame_retribution_v2,烈焰帝国,天罚·老兵,PUNISH,1,1,0,0,0,0,3.46,4.46,-4.46,亏模,PUNISH不从主动出-公式不适用
flame_zealot_v3,烈焰帝国,狂信者·精英,MINION,0,0,5,0,0,1,4.55,5.05,-0.05,正常,对账口径(生成器预算)
flame_strike_v3,烈焰帝国,轰击·精英,SPELL,0,1,0,0,2,0,3.05,5.05,-3.05,亏模,SPELL无身材-公式不适用
flame_berserker,烈焰帝国,狂战士,MINION,1,0,5,0,0,0,4.96,4.96,0.04,正常,对账口径(生成器预算)
flame_volley,烈焰帝国,齐射,SPELL,1,0,0,0,1,1,4.96,3.46,-2.46,亏模,SPELL无身材-公式不适用
flame_berserker_v2,烈焰帝国,狂战士·老兵,MINION,1,1,4,0,0,0,3.46,4.46,-0.46,正常,对账口径(生成器预算)
flame_berserker_v3,烈焰帝国,狂战士·精英,MINION,1,0,5,0,2,0,4.96,6.96,0.04,正常,对账口径(生成器预算)
flame_guard,烈焰帝国,护卫,MINION,1,0,5,0,0,0,4.96,4.96,0.04,正常,对账口径(生成器预算)
flame_volley_v2,烈焰帝国,齐射·老兵,SPELL,1,0,0,0,2,1,4.96,4.46,-2.46,亏模,SPELL无身材-公式不适用
flame_guard_v2,烈焰帝国,护卫·老兵,MINION,1,0,4,0,2,0,4.96,5.96,0.04,正常,对账口径(生成器预算)
flame_trap_v3,烈焰帝国,炎爆陷阱·精英,AMBUSH,1,0,0,0,0,0,4.96,6.96,-6.96,亏模,AMBUSH无身材-公式不适用
flame_volley_v3,烈焰帝国,齐射·精英,SPELL,1,0,0,0,2,1,4.96,5.46,-3.46,亏模,SPELL无身材-公式不适用
flame_retribution_v3,烈焰帝国,天罚·精英,PUNISH,1,0,0,0,0,0,4.96,6.96,-6.96,亏模,PUNISH不从主动出-公式不适用
flame_guard_v3,烈焰帝国,护卫·精英,MINION,1,0,4,0,0,0,4.96,6.96,-2.96,亏模,对账口径(生成器预算)
flame_barrage,烈焰帝国,弹幕,SPELL,1,1,0,0,1,0,3.46,3.46,-2.46,亏模,SPELL无身材-公式不适用
flame_charger,烈焰帝国,冲锋骑兵,MINION,1,0,4,-1,0,0,4.96,4.96,-1.96,亏模,对账口径(生成器预算)
flame_charger_v2,烈焰帝国,冲锋骑兵·老兵,MINION,1,0,4,0,2,0,4.96,5.96,0.04,正常,对账口径(生成器预算)
flame_charger_v3,烈焰帝国,冲锋骑兵·精英,MINION,1,1,4,-1,2,0,3.46,5.46,-0.46,正常,对账口径(生成器预算)
flame_barrage_v2,烈焰帝国,弹幕·老兵,SPELL,1,0,0,0,2,0,4.96,5.96,-3.96,亏模,SPELL无身材-公式不适用
flame_drake,烈焰帝国,幼龙,MINION,1,0,5,0,0,0,4.96,4.96,0.04,正常,对账口径(生成器预算)
flame_ward,烈焰帝国,火墙,AMBUSH,2,1,0,0,0,0,4.19,4.19,-4.19,亏模,AMBUSH无身材-公式不适用
flame_barrage_v3,烈焰帝国,弹幕·精英,SPELL,2,2,0,0,2.5,0,2.69,4.69,-2.19,亏模,SPELL无身材-公式不适用
flame_backlash,烈焰帝国,回火,PUNISH,2,0,0,0,0,0,5.69,5.69,-5.69,亏模,PUNISH不从主动出-公式不适用
flame_drake_v2,烈焰帝国,幼龙·老兵,MINION,2,1,3,0,2,0,4.19,5.19,-0.19,正常,对账口径(生成器预算)
flame_eruption,烈焰帝国,喷发,SPELL,2,2,0,0,1,0,2.69,2.69,-1.69,亏模,SPELL无身材-公式不适用
flame_drake_v3,烈焰帝国,幼龙·精英,MINION,2,0,6,0,2,0,5.69,7.69,0.31,正常,对账口径(生成器预算)
flame_phoenix,烈焰帝国,凤凰,MINION,2,1,3,0,0,1,4.19,2.69,0.31,正常,对账口径(生成器预算)
flame_phoenix_v2,烈焰帝国,凤凰·老兵,MINION,2,0,5,0,0,1,5.69,5.19,-0.19,正常,对账口径(生成器预算)
flame_eruption_v2,烈焰帝国,喷发·老兵,SPELL,2,0,0,0,3,0,5.69,6.69,-3.69,亏模,SPELL无身材-公式不适用
flame_phoenix_v3,烈焰帝国,凤凰·精英,MINION,2,1,5,0,0,1,4.19,4.69,0.31,正常,对账口径(生成器预算)
flame_ward_v2,烈焰帝国,火墙·老兵,AMBUSH,2,2,0,0,0,0,2.69,3.69,-3.69,亏模,AMBUSH无身材-公式不适用
flame_eruption_v3,烈焰帝国,喷发·精英,SPELL,2,0,0,0,6,0,5.69,7.69,-1.69,亏模,SPELL无身材-公式不适用
flame_avenger,烈焰帝国,复仇者,MINION,3,1,3,0,2,0,5.24,5.24,-0.24,正常,对账口径(生成器预算)
flame_avenger_v2,烈焰帝国,复仇者·老兵,MINION,3,2,5,0,0,0,3.74,4.74,0.26,正常,对账口径(生成器预算)
flame_avenger_v3,烈焰帝国,复仇者·精英,MINION,3,0,7,0,2,0,6.74,8.74,0.26,正常,对账口径(生成器预算)
flame_ward_v3,烈焰帝国,火墙·精英,AMBUSH,3,1,0,0,0,0,5.24,7.24,-7.24,亏模,AMBUSH无身材-公式不适用
flame_warlord,烈焰帝国,军阀,MINION,3,2,4,0,0,0,3.74,3.74,0.26,正常,对账口径(生成器预算)
flame_backlash_v2,烈焰帝国,回火·老兵,PUNISH,3,0,0,0,0,0,6.74,7.74,-7.74,亏模,PUNISH不从主动出-公式不适用
flame_warlord_v2,烈焰帝国,军阀·老兵,MINION,3,1,3,0,0,0,5.24,6.24,-3.24,亏模,对账口径(生成器预算)
flame_warlord_v3,烈焰帝国,军阀·精英,MINION,4,0,6,0,4,0,8.11,10.11,-0.11,正常,对账口径(生成器预算)
flame_giant,烈焰帝国,熔核巨人,MINION,4,1,6,-1,0,0,6.61,6.61,-1.61,亏模,对账口径(生成器预算)
flame_giant_v2,烈焰帝国,熔核巨人·老兵,MINION,4,2,4,0,2,0,5.11,6.11,-0.11,正常,对账口径(生成器预算)
flame_giant_v3,烈焰帝国,熔核巨人·精英,MINION,5,3,5,0,2,0,5.3,7.3,-0.3,正常,对账口径(生成器预算)
flame_backlash_v3,烈焰帝国,回火·精英,PUNISH,5,0,0,0,0,0,9.8,11.8,-11.8,亏模,PUNISH不从主动出-公式不适用
flame_titan,烈焰帝国,泰坦,MINION,0,0,5,0,0,0,4.55,4.55,0.45,正常,对账口径(生成器预算)
flame_titan_v2,烈焰帝国,泰坦·老兵,MINION,3,2,5,0,0,0,3.74,4.74,0.26,正常,对账口径(生成器预算)
flame_titan_v3,烈焰帝国,泰坦·精英,MINION,4,2,2,0,4,0,5.11,7.11,-1.11,正常,对账口径(生成器预算)
flame_elemental,烈焰帝国,元素,MINION,1,0,3,0,0,1,4.96,3.46,-0.46,正常,对账口径(生成器预算)
flame_elemental_v2,烈焰帝国,元素·老兵,MINION,2,0,5,0,0,1,5.69,5.19,-0.19,正常,对账口径(生成器预算)
flame_elemental_v3,烈焰帝国,元素·精英,MINION,5,1,4,0,4,1,8.3,8.8,-0.8,正常,对账口径(生成器预算)
flame_pyromancer,烈焰帝国,火法师,MINION,0,0,5,0,0,0,4.55,4.55,0.45,正常,对账口径(生成器预算)
flame_pyromancer_v2,烈焰帝国,火法师·老兵,MINION,3,2,5,0,0,0,3.74,4.74,0.26,正常,对账口径(生成器预算)
flame_pyromancer_v3,烈焰帝国,火法师·精英,MINION,4,0,8,0,2,0,8.11,10.11,-0.11,正常,对账口径(生成器预算)
flame_slinger,烈焰帝国,投石手,MINION,1,1,3,0,0,0,3.46,3.46,-0.46,正常,对账口径(生成器预算)
flame_slinger_v2,烈焰帝国,投石手·老兵,MINION,2,2,4,0,0,0,2.69,3.69,0.31,正常,对账口径(生成器预算)
flame_slinger_v3,烈焰帝国,投石手·精英,MINION,5,3,3,0,4,0,5.3,7.3,-0.3,正常,对账口径(生成器预算)
flame_knight,烈焰帝国,骑兵,MINION,0,0,4,-1,2,0,4.55,4.55,0.45,正常,对账口径(生成器预算)
flame_knight_v2,烈焰帝国,骑兵·老兵,MINION,3,2,4,-1,2,0,3.74,4.74,0.26,正常,对账口径(生成器预算)
flame_knight_v3,烈焰帝国,骑兵·精英,MINION,4,2,5,0,2,0,5.11,7.11,-0.11,正常,对账口径(生成器预算)
flame_juggernaut,烈焰帝国,主宰,MINION,1,1,3,0,0,0,3.46,3.46,-0.46,正常,对账口径(生成器预算)
flame_juggernaut_v2,烈焰帝国,主宰·老兵,MINION,2,2,4,0,0,0,2.69,3.69,0.31,正常,对账口径(生成器预算)
flame_juggernaut_v3,烈焰帝国,主宰·精英,MINION,5,1,8,0,2,0,8.3,10.3,-0.3,正常,对账口径(生成器预算)
flame_hound,烈焰帝国,炎犬,MINION,0,0,3,0,0,1,4.55,3.05,-0.05,正常,对账口径(生成器预算)
flame_hound_v2,烈焰帝国,炎犬·老兵,MINION,3,2,3,0,0,1,3.74,3.24,-0.24,正常,对账口径(生成器预算)
flame_hound_v3,烈焰帝国,炎犬·精英,MINION,4,0,4,0,4,1,8.11,8.61,-0.61,正常,对账口径(生成器预算)
flame_lancer,烈焰帝国,枪骑,MINION,1,1,3,0,0,0,3.46,3.46,-0.46,正常,对账口径(生成器预算)
flame_lancer_v2,烈焰帝国,枪骑·老兵,MINION,2,2,4,0,0,0,2.69,3.69,0.31,正常,对账口径(生成器预算)
flame_lancer_v3,烈焰帝国,枪骑·精英,MINION,5,3,5,0,2,0,5.3,7.3,-0.3,正常,对账口径(生成器预算)
flame_reaver,烈焰帝国,掠夺者,MINION,0,0,5,0,0,0,4.55,4.55,0.45,正常,对账口径(生成器预算)
flame_reaver_v2,烈焰帝国,掠夺者·老兵,MINION,3,2,5,0,0,0,3.74,4.74,0.26,正常,对账口径(生成器预算)
flame_reaver_v3,烈焰帝国,掠夺者·精英,MINION,4,2,3,0,4,0,5.11,7.11,-0.11,正常,对账口径(生成器预算)
flame_colossus,烈焰帝国,巨像,MINION,1,1,3,0,0,0,3.46,3.46,-0.46,正常,对账口径(生成器预算)
flame_colossus_v2,烈焰帝国,巨像·老兵,MINION,2,2,4,0,0,0,2.69,3.69,0.31,正常,对账口径(生成器预算)
flame_colossus_v3,烈焰帝国,巨像·精英,MINION,5,1,8,0,2,0,8.3,10.3,-0.3,正常,对账口径(生成器预算)
flame_harbinger,烈焰帝国,先锋,MINION,0,0,5,0,0,0,4.55,4.55,0.45,正常,对账口径(生成器预算)
flame_harbinger_v2,烈焰帝国,先锋·老兵,MINION,3,2,5,0,0,0,3.74,4.74,0.26,正常,对账口径(生成器预算)
flame_harbinger_v3,烈焰帝国,先锋·精英,MINION,4,0,8,0,2,0,8.11,10.11,-0.11,正常,对账口径(生成器预算)
flame_meteor,烈焰帝国,流星,SPELL,1,1,0,0,1,0,3.46,3.46,-2.46,亏模,SPELL无身材-公式不适用
flame_meteor_v2,烈焰帝国,流星·老兵,SPELL,2,2,0,0,2,0,2.69,3.69,-1.69,亏模,SPELL无身材-公式不适用
flame_meteor_v3,烈焰帝国,流星·精英,SPELL,5,3,0,0,3,0,5.3,7.3,-4.3,亏模,SPELL无身材-公式不适用
flame_blaze,烈焰帝国,烈焰,SPELL,0,0,0,0,2,0,4.55,4.55,-2.55,亏模,SPELL无身材-公式不适用
flame_blaze_v2,烈焰帝国,烈焰·老兵,SPELL,3,2,0,0,2,0,3.74,4.74,-2.74,亏模,SPELL无身材-公式不适用
flame_blaze_v3,烈焰帝国,烈焰·精英,SPELL,4,2,0,0,4,0,5.11,7.11,-3.11,亏模,SPELL无身材-公式不适用
flame_scorch,烈焰帝国,灼烧,SPELL,1,0,0,0,1,1,4.96,3.46,-2.46,亏模,SPELL无身材-公式不适用
flame_scorch_v2,烈焰帝国,灼烧·老兵,SPELL,2,0,0,0,2,1,5.69,5.19,-3.19,亏模,SPELL无身材-公式不适用
flame_scorch_v3,烈焰帝国,灼烧·精英,SPELL,5,1,0,0,6,1,8.3,8.8,-2.8,亏模,SPELL无身材-公式不适用
flame_ignite,烈焰帝国,点燃,SPELL,0,0,0,0,2,0,4.55,4.55,-2.55,亏模,SPELL无身材-公式不适用
flame_ignite_v2,烈焰帝国,点燃·老兵,SPELL,3,2,0,0,2.5,0,3.74,4.74,-2.24,亏模,SPELL无身材-公式不适用
flame_ignite_v3,烈焰帝国,点燃·精英,SPELL,4,0,0,0,4,0,8.11,10.11,-6.11,亏模,SPELL无身材-公式不适用
flame_fireball,烈焰帝国,火球,SPELL,1,1,0,0,1,0,3.46,3.46,-2.46,亏模,SPELL无身材-公式不适用
flame_fireball_v2,烈焰帝国,火球·老兵,SPELL,2,2,0,0,2,0,2.69,3.69,-1.69,亏模,SPELL无身材-公式不适用
flame_fireball_v3,烈焰帝国,火球·精英,SPELL,5,3,0,0,4,0,5.3,7.3,-3.3,亏模,SPELL无身材-公式不适用
flame_ambush,烈焰帝国,伏火,AMBUSH,0,0,0,0,0,1,4.55,3.05,-3.05,亏模,AMBUSH无身材-公式不适用
flame_ambush_v2,烈焰帝国,伏火·老兵,AMBUSH,3,2,0,0,0,1,3.74,3.24,-3.24,亏模,AMBUSH无身材-公式不适用
flame_ambush_v3,烈焰帝国,伏火·精英,AMBUSH,4,2,0,0,0,1,5.11,5.61,-5.61,亏模,AMBUSH无身材-公式不适用
flame_bait,烈焰帝国,诱火,AMBUSH,1,1,0,0,0,0,3.46,3.46,-3.46,亏模,AMBUSH无身材-公式不适用
flame_bait_v2,烈焰帝国,诱火·老兵,AMBUSH,2,2,0,0,0,0,2.69,3.69,-3.69,亏模,AMBUSH无身材-公式不适用
flame_bait_v3,烈焰帝国,诱火·精英,AMBUSH,5,1,0,0,0,0,8.3,10.3,-10.3,亏模,AMBUSH无身材-公式不适用
flame_curse,烈焰帝国,诅咒,PUNISH,1,0,0,0,0,1,4.96,3.46,-3.46,亏模,PUNISH不从主动出-公式不适用
flame_curse_v2,烈焰帝国,诅咒·老兵,PUNISH,3,2,0,0,0,1,3.74,3.24,-3.24,亏模,PUNISH不从主动出-公式不适用
flame_curse_v3,烈焰帝国,诅咒·精英,PUNISH,4,0,0,0,0,1,8.11,8.61,-8.61,亏模,PUNISH不从主动出-公式不适用
flame_hex,烈焰帝国,巫火,PUNISH,1,1,0,0,0,0,3.46,3.46,-3.46,亏模,PUNISH不从主动出-公式不适用
flame_hex_v2,烈焰帝国,巫火·老兵,PUNISH,2,2,0,0,0,0,2.69,3.69,-3.69,亏模,PUNISH不从主动出-公式不适用
flame_hex_v3,烈焰帝国,巫火·精英,PUNISH,5,3,0,0,0,0,5.3,7.3,-7.3,亏模,PUNISH不从主动出-公式不适用
machine_drone,机械遗迹,无人机,MINION,0,0,2,0,1,1,4.55,3.05,-0.05,正常,对账口径(生成器预算)
machine_drone_v2,机械遗迹,无人机·老兵,MINION,0,0,2,0,3,1,4.55,4.05,0.95,正常,对账口径(生成器预算)
machine_upload,机械遗迹,上传,SPELL,0,0,0,0,3.5,1,4.55,3.05,0.45,正常,SPELL无身材-公式不适用
machine_drone_v3,机械遗迹,无人机·精英,MINION,0,0,2,0,3,1,4.55,5.05,-0.05,正常,对账口径(生成器预算)
machine_firewall,机械遗迹,防火墙,AMBUSH,0,0,0,0,0,1,4.55,3.05,-3.05,亏模,AMBUSH无身材-公式不适用
machine_upload_v2,机械遗迹,上传·老兵,SPELL,0,0,0,0,7,1,4.55,4.05,2.95,超模,SPELL无身材-公式不适用
machine_overload,机械遗迹,过载,PUNISH,1,0,0,0,0,1,4.96,3.46,-3.46,亏模,PUNISH不从主动出-公式不适用
machine_bot,机械遗迹,机械人,MINION,0,0,2,0,2,1,4.55,3.05,0.95,正常,对账口径(生成器预算)
machine_upload_v3,机械遗迹,上传·精英,SPELL,0,0,0,0,9,1,4.55,5.05,3.95,超模,SPELL无身材-公式不适用
machine_bot_v2,机械遗迹,机械人·老兵,MINION,0,0,2,0,3,1,4.55,4.05,0.95,正常,对账口径(生成器预算)
machine_bot_v3,机械遗迹,机械人·精英,MINION,0,0,2,0,3,1,4.55,5.05,-0.05,正常,对账口径(生成器预算)
machine_golem,机械遗迹,傀儡,MINION,0,0,2,0,2,1,4.55,3.05,0.95,正常,对账口径(生成器预算)
machine_download,机械遗迹,下载,SPELL,0,0,0,0,3.5,1,4.55,3.05,0.45,正常,SPELL无身材-公式不适用
machine_golem_v2,机械遗迹,傀儡·老兵,MINION,0,0,2,0,3,1,4.55,4.05,0.95,正常,对账口径(生成器预算)
machine_firewall_v2,机械遗迹,防火墙·老兵,AMBUSH,0,0,0,0,0,1,4.55,4.05,-4.05,亏模,AMBUSH无身材-公式不适用
machine_download_v2,机械遗迹,下载·老兵,SPELL,0,0,0,0,7,1,4.55,4.05,2.95,超模,SPELL无身材-公式不适用
machine_overload_v2,机械遗迹,过载·老兵,PUNISH,1,0,0,0,0,1,4.96,4.46,-4.46,亏模,PUNISH不从主动出-公式不适用
machine_golem_v3,机械遗迹,傀儡·精英,MINION,0,0,2,0,3,1,4.55,5.05,-0.05,正常,对账口径(生成器预算)
machine_download_v3,机械遗迹,下载·精英,SPELL,0,0,0,0,9,1,4.55,5.05,3.95,超模,SPELL无身材-公式不适用
machine_sentinel,机械遗迹,哨兵,MINION,0,0,2,0,2,1,4.55,3.05,0.95,正常,对账口径(生成器预算)
machine_rollback,机械遗迹,回滚,SPELL,0,0,0,0,3.5,1,4.55,3.05,0.45,正常,SPELL无身材-公式不适用
machine_sentinel_v2,机械遗迹,哨兵·老兵,MINION,0,0,2,0,3,1,4.55,4.05,0.95,正常,对账口径(生成器预算)
machine_sentinel_v3,机械遗迹,哨兵·精英,MINION,0,0,2,0,3,1,4.55,5.05,-0.05,正常,对账口径(生成器预算)
machine_terminal,机械遗迹,终端,MINION,0,0,3,0,2,0,4.55,4.55,0.45,正常,对账口径(生成器预算)
machine_rollback_v2,机械遗迹,回滚·老兵,SPELL,0,0,0,0,5,1,4.55,4.05,0.95,正常,SPELL无身材-公式不适用
machine_terminal_v2,机械遗迹,终端·老兵,MINION,0,0,3,0,3,0,4.55,5.55,0.45,正常,对账口径(生成器预算)
machine_firewall_v3,机械遗迹,防火墙·精英,AMBUSH,0,0,0,0,0,1,4.55,5.05,-5.05,亏模,AMBUSH无身材-公式不适用
machine_rollback_v3,机械遗迹,回滚·精英,SPELL,0,0,0,0,9,1,4.55,5.05,3.95,超模,SPELL无身材-公式不适用
machine_overload_v3,机械遗迹,过载·精英,PUNISH,1,0,0,0,0,1,4.96,5.46,-5.46,亏模,PUNISH不从主动出-公式不适用
machine_terminal_v3,机械遗迹,终端·精英,MINION,0,0,4,0,3,0,4.55,6.55,0.45,正常,对账口径(生成器预算)
machine_commit,机械遗迹,提交,SPELL,0,0,0,0,3.5,1,4.55,3.05,0.45,正常,SPELL无身材-公式不适用
machine_module,机械遗迹,模块,MINION,0,0,2,0,2,1,4.55,3.05,0.95,正常,对账口径(生成器预算)
machine_module_v2,机械遗迹,模块·老兵,MINION,0,0,3,0,1,1,4.55,4.05,-0.05,正常,对账口径(生成器预算)
machine_trapdoor,机械遗迹,暗门,AMBUSH,0,0,0,0,0,1,4.55,3.05,-3.05,亏模,AMBUSH无身材-公式不适用
machine_commit_v2,机械遗迹,提交·老兵,SPELL,0,0,0,0,5,1,4.55,4.05,0.95,正常,SPELL无身材-公式不适用
machine_surge,机械遗迹,浪涌,PUNISH,1,0,0,0,0,1,4.96,3.46,-3.46,亏模,PUNISH不从主动出-公式不适用
machine_module_v3,机械遗迹,模块·精英,MINION,0,0,2,0,3,1,4.55,5.05,-0.05,正常,对账口径(生成器预算)
machine_commit_v3,机械遗迹,提交·精英,SPELL,0,0,0,0,9,1,4.55,5.05,3.95,超模,SPELL无身材-公式不适用
machine_node,机械遗迹,节点,MINION,0,0,2,0,1,1,4.55,3.05,-0.05,正常,对账口径(生成器预算)
machine_node_v2,机械遗迹,节点·老兵,MINION,0,0,2,0,3,1,4.55,4.05,0.95,正常,对账口径(生成器预算)
machine_node_v3,机械遗迹,节点·精英,MINION,0,0,2,0,3,1,4.55,5.05,-0.05,正常,对账口径(生成器预算)
machine_push,机械遗迹,推送,SPELL,0,0,0,0,3,0,4.55,4.55,-1.55,亏模,SPELL无身材-公式不适用
machine_crawler,机械遗迹,爬行者,MINION,0,0,2,0,1,1,4.55,3.05,-0.05,正常,对账口径(生成器预算)
machine_trapdoor_v2,机械遗迹,暗门·老兵,AMBUSH,0,0,0,0,0,1,4.55,4.05,-4.05,亏模,AMBUSH无身材-公式不适用
machine_push_v2,机械遗迹,推送·老兵,SPELL,0,0,0,0,4,0,4.55,5.55,-1.55,亏模,SPELL无身材-公式不适用
machine_crawler_v2,机械遗迹,爬行者·老兵,MINION,0,0,2,0,3,1,4.55,4.05,0.95,正常,对账口径(生成器预算)
machine_push_v3,机械遗迹,推送·精英,SPELL,0,0,0,0,5,0,4.55,6.55,-1.55,亏模,SPELL无身材-公式不适用
machine_crawler_v3,机械遗迹,爬行者·精英,MINION,0,0,2,0,3,1,4.55,5.05,-0.05,正常,对账口径(生成器预算)
machine_trapdoor_v3,机械遗迹,暗门·精英,AMBUSH,0,0,0,0,0,1,4.55,5.05,-5.05,亏模,AMBUSH无身材-公式不适用
machine_loader,机械遗迹,装载机,MINION,0,0,2,0,2,1,4.55,3.05,0.95,正常,对账口径(生成器预算)
machine_surge_v2,机械遗迹,浪涌·老兵,PUNISH,1,0,0,0,0,1,4.96,4.46,-4.46,亏模,PUNISH不从主动出-公式不适用
machine_loader_v2,机械遗迹,装载机·老兵,MINION,0,0,2,0,3,1,4.55,4.05,0.95,正常,对账口径(生成器预算)
machine_loader_v3,机械遗迹,装载机·精英,MINION,0,0,2,0,3,1,4.55,5.05,-0.05,正常,对账口径(生成器预算)
machine_compiler,机械遗迹,编译器,MINION,0,0,3,0,2,0,4.55,4.55,0.45,正常,对账口径(生成器预算)
machine_compiler_v2,机械遗迹,编译器·老兵,MINION,0,0,5,0,1,0,4.55,5.55,0.45,正常,对账口径(生成器预算)
machine_compiler_v3,机械遗迹,编译器·精英,MINION,0,0,4,0,3,0,4.55,6.55,0.45,正常,对账口径(生成器预算)
machine_capacitor,机械遗迹,电容,MINION,0,0,2,0,1,1,4.55,3.05,-0.05,正常,对账口径(生成器预算)
machine_capacitor_v2,机械遗迹,电容·老兵,MINION,0,0,2,0,3,1,4.55,4.05,0.95,正常,对账口径(生成器预算)
machine_capacitor_v3,机械遗迹,电容·精英,MINION,0,0,2,0,3,1,4.55,5.05,-0.05,正常,对账口径(生成器预算)
machine_surge_v3,机械遗迹,浪涌·精英,PUNISH,1,0,0,0,0,1,4.96,5.46,-5.46,亏模,PUNISH不从主动出-公式不适用
machine_relay,机械遗迹,中继,MINION,0,0,2,0,2,1,4.55,3.05,0.95,正常,对账口径(生成器预算)
machine_relay_v2,机械遗迹,中继·老兵,MINION,0,0,3,0,1,1,4.55,4.05,-0.05,正常,对账口径(生成器预算)
machine_relay_v3,机械遗迹,中继·精英,MINION,0,0,2,0,3,1,4.55,5.05,-0.05,正常,对账口径(生成器预算)
machine_server,机械遗迹,服务器,MINION,0,0,2,0,1,1,4.55,3.05,-0.05,正常,对账口径(生成器预算)
machine_server_v2,机械遗迹,服务器·老兵,MINION,0,0,2,0,3,1,4.55,4.05,0.95,正常,对账口径(生成器预算)
machine_server_v3,机械遗迹,服务器·精英,MINION,0,0,2,0,3,1,4.55,5.05,-0.05,正常,对账口径(生成器预算)
machine_tank,机械遗迹,坦克,MINION,0,0,2,0,2,1,4.55,3.05,0.95,正常,对账口径(生成器预算)
machine_tank_v2,机械遗迹,坦克·老兵,MINION,0,0,3,0,1,1,4.55,4.05,-0.05,正常,对账口径(生成器预算)
machine_tank_v3,机械遗迹,坦克·精英,MINION,0,0,2,0,3,1,4.55,5.05,-0.05,正常,对账口径(生成器预算)
machine_walker,机械遗迹,步行者,MINION,0,0,4,0,1,0,4.55,4.55,0.45,正常,对账口径(生成器预算)
machine_walker_v2,机械遗迹,步行者·老兵,MINION,0,0,3,0,3,0,4.55,5.55,0.45,正常,对账口径(生成器预算)
machine_walker_v3,机械遗迹,步行者·精英,MINION,0,0,4,0,3,0,4.55,6.55,0.45,正常,对账口径(生成器预算)
machine_spider,机械遗迹,蜘蛛机甲,MINION,0,0,2,0,2,1,4.55,3.05,0.95,正常,对账口径(生成器预算)
machine_spider_v2,机械遗迹,蜘蛛机甲·老兵,MINION,0,0,3,0,1,1,4.55,4.05,-0.05,正常,对账口径(生成器预算)
machine_spider_v3,机械遗迹,蜘蛛机甲·精英,MINION,0,0,2,0,3,1,4.55,5.05,-0.05,正常,对账口径(生成器预算)
machine_mech,机械遗迹,机甲,MINION,0,0,2,0,1,1,4.55,3.05,-0.05,正常,对账口径(生成器预算)
machine_mech_v2,机械遗迹,机甲·老兵,MINION,0,0,2,0,3,1,4.55,4.05,0.95,正常,对账口径(生成器预算)
machine_mech_v3,机械遗迹,机甲·精英,MINION,0,0,2,0,3,1,4.55,5.05,-0.05,正常,对账口径(生成器预算)
machine_construct,机械遗迹,构造体,MINION,0,0,2,0,2,1,4.55,3.05,0.95,正常,对账口径(生成器预算)
machine_construct_v2,机械遗迹,构造体·老兵,MINION,0,0,3,0,1,1,4.55,4.05,-0.05,正常,对账口径(生成器预算)
machine_construct_v3,机械遗迹,构造体·精英,MINION,0,0,2,0,3,1,4.55,5.05,-0.05,正常,对账口径(生成器预算)
machine_warden,机械遗迹,守卫者,MINION,0,0,2,0,1,1,4.55,3.05,-0.05,正常,对账口径(生成器预算)
machine_warden_v2,机械遗迹,守卫者·老兵,MINION,0,0,2,0,3,1,4.55,4.05,0.95,正常,对账口径(生成器预算)
machine_warden_v3,机械遗迹,守卫者·精英,MINION,0,0,2,0,3,1,4.55,5.05,-0.05,正常,对账口径(生成器预算)
machine_alpha,机械遗迹,阿尔法,MINION,0,0,3,0,2,0,4.55,4.55,0.45,正常,对账口径(生成器预算)
machine_alpha_v2,机械遗迹,阿尔法·老兵,MINION,0,0,5,0,1,0,4.55,5.55,0.45,正常,对账口径(生成器预算)
machine_alpha_v3,机械遗迹,阿尔法·精英,MINION,0,0,4,0,3,0,4.55,6.55,0.45,正常,对账口径(生成器预算)
machine_beta,机械遗迹,贝塔,MINION,0,0,2,0,1,1,4.55,3.05,-0.05,正常,对账口径(生成器预算)
machine_beta_v2,机械遗迹,贝塔·老兵,MINION,0,0,2,0,3,1,4.55,4.05,0.95,正常,对账口径(生成器预算)
machine_beta_v3,机械遗迹,贝塔·精英,MINION,0,0,2,0,3,1,4.55,5.05,-0.05,正常,对账口径(生成器预算)
machine_overseer,机械遗迹,监工,MINION,0,0,2,0,2,1,4.55,3.05,0.95,正常,对账口径(生成器预算)
machine_overseer_v2,机械遗迹,监工·老兵,MINION,0,0,3,0,1,1,4.55,4.05,-0.05,正常,对账口径(生成器预算)
machine_overseer_v3,机械遗迹,监工·精英,MINION,0,0,2,0,3,1,4.55,5.05,-0.05,正常,对账口径(生成器预算)
machine_pull,机械遗迹,拉取,SPELL,0,0,0,0,3.5,1,4.55,3.05,0.45,正常,SPELL无身材-公式不适用
machine_pull_v2,机械遗迹,拉取·老兵,SPELL,0,0,0,0,7,1,4.55,4.05,2.95,超模,SPELL无身材-公式不适用
machine_pull_v3,机械遗迹,拉取·精英,SPELL,0,0,0,0,9,1,4.55,5.05,3.95,超模,SPELL无身材-公式不适用
machine_sync,机械遗迹,同步,SPELL,0,0,0,0,4.5,1,4.55,3.05,1.45,正常,SPELL无身材-公式不适用
machine_sync_v2,机械遗迹,同步·老兵,SPELL,0,0,0,0,5,1,4.55,4.05,0.95,正常,SPELL无身材-公式不适用
machine_sync_v3,机械遗迹,同步·精英,SPELL,0,0,0,0,9,1,4.55,5.05,3.95,超模,SPELL无身材-公式不适用
machine_patch,机械遗迹,补丁,SPELL,0,0,0,0,3.5,1,4.55,3.05,0.45,正常,SPELL无身材-公式不适用
machine_patch_v2,机械遗迹,补丁·老兵,SPELL,0,0,0,0,7,1,4.55,4.05,2.95,超模,SPELL无身材-公式不适用
machine_patch_v3,机械遗迹,补丁·精英,SPELL,0,0,0,0,9,1,4.55,5.05,3.95,超模,SPELL无身材-公式不适用
machine_compile,机械遗迹,编译,SPELL,0,0,0,0,4.5,1,4.55,3.05,1.45,正常,SPELL无身材-公式不适用
machine_compile_v2,机械遗迹,编译·老兵,SPELL,0,0,0,0,5,1,4.55,4.05,0.95,正常,SPELL无身材-公式不适用
machine_compile_v3,机械遗迹,编译·精英,SPELL,0,0,0,0,9,1,4.55,5.05,3.95,超模,SPELL无身材-公式不适用
machine_debug,机械遗迹,调试,SPELL,0,0,0,0,2,0,4.55,4.55,-2.55,亏模,SPELL无身材-公式不适用
machine_debug_v2,机械遗迹,调试·老兵,SPELL,0,0,0,0,7,0,4.55,5.55,1.45,正常,SPELL无身材-公式不适用
machine_debug_v3,机械遗迹,调试·精英,SPELL,0,0,0,0,5,0,4.55,6.55,-1.55,亏模,SPELL无身材-公式不适用
machine_jam,机械遗迹,干扰,AMBUSH,0,0,0,0,0,1,4.55,3.05,-3.05,亏模,AMBUSH无身材-公式不适用
machine_jam_v2,机械遗迹,干扰·老兵,AMBUSH,0,0,0,0,0,1,4.55,4.05,-4.05,亏模,AMBUSH无身材-公式不适用
machine_jam_v3,机械遗迹,干扰·精英,AMBUSH,0,0,0,0,0,1,4.55,5.05,-5.05,亏模,AMBUSH无身材-公式不适用
machine_decoy,机械遗迹,诱饵,AMBUSH,0,0,0,0,0,1,4.55,3.05,-3.05,亏模,AMBUSH无身材-公式不适用
machine_decoy_v2,机械遗迹,诱饵·老兵,AMBUSH,0,0,0,0,0,1,4.55,4.05,-4.05,亏模,AMBUSH无身材-公式不适用
machine_decoy_v3,机械遗迹,诱饵·精英,AMBUSH,0,0,0,0,0,1,4.55,5.05,-5.05,亏模,AMBUSH无身材-公式不适用
machine_short,机械遗迹,短路,PUNISH,1,0,0,0,0,1,4.96,3.46,-3.46,亏模,PUNISH不从主动出-公式不适用
machine_short_v2,机械遗迹,短路·老兵,PUNISH,1,0,0,0,0,1,4.96,4.46,-4.46,亏模,PUNISH不从主动出-公式不适用
machine_short_v3,机械遗迹,短路·精英,PUNISH,1,0,0,0,0,1,4.96,5.46,-5.46,亏模,PUNISH不从主动出-公式不适用
machine_drain,机械遗迹,抽干,PUNISH,1,0,0,0,0,1,4.96,3.46,-3.46,亏模,PUNISH不从主动出-公式不适用
machine_drain_v2,机械遗迹,抽干·老兵,PUNISH,1,0,0,0,0,1,4.96,4.46,-4.46,亏模,PUNISH不从主动出-公式不适用
machine_drain_v3,机械遗迹,抽干·精英,PUNISH,1,0,0,0,0,1,4.96,5.46,-5.46,亏模,PUNISH不从主动出-公式不适用
sea_leviathan,深海联盟,利维坦,MINION,0,0,2,0,2,1,4.55,3.05,0.95,正常,对账口径(生成器预算)
sea_leviathan_v2,深海联盟,利维坦·老兵,MINION,0,0,2,0,4,1,4.55,4.05,1.95,超模,对账口径(生成器预算)
sea_surge,深海联盟,浪潮,SPELL,0,0,0,0,4.5,1,4.55,3.05,1.45,正常,SPELL无身材-公式不适用
sea_leviathan_v3,深海联盟,利维坦·精英,MINION,0,0,2,0,4,1,4.55,5.05,0.95,正常,对账口径(生成器预算)
sea_reef,深海联盟,暗礁,AMBUSH,0,0,0,0,0,1,4.55,3.05,-3.05,亏模,AMBUSH无身材-公式不适用
sea_surge_v2,深海联盟,浪潮·老兵,SPELL,0,0,0,0,8,1,4.55,4.05,3.95,超模,SPELL无身材-公式不适用
sea_wrath,深海联盟,怒涛,PUNISH,1,0,0,0,0,1,4.96,3.46,-3.46,亏模,PUNISH不从主动出-公式不适用
sea_kraken,深海联盟,克拉肯,MINION,0,0,2,0,2,1,4.55,3.05,0.95,正常,对账口径(生成器预算)
sea_surge_v3,深海联盟,浪潮·精英,SPELL,0,0,0,0,10,1,4.55,5.05,4.95,超模,SPELL无身材-公式不适用
sea_kraken_v2,深海联盟,克拉肯·老兵,MINION,0,0,2,0,2,1,4.55,4.05,-0.05,正常,对账口径(生成器预算)
sea_kraken_v3,深海联盟,克拉肯·精英,MINION,0,0,2,0,4,1,4.55,5.05,0.95,正常,对账口径(生成器预算)
sea_abyss,深海联盟,深渊,MINION,0,0,2,0,2,0,4.55,4.05,-0.05,正常,对账口径(生成器预算)
sea_tide,深海联盟,潮汐,SPELL,0,0,0,0,4.5,1,4.55,3.05,1.45,正常,SPELL无身材-公式不适用
sea_abyss_v2,深海联盟,深渊·老兵,MINION,1,0,2,0,4,0,4.96,5.46,0.54,正常,对账口径(生成器预算)
sea_tide_v2,深海联盟,潮汐·老兵,SPELL,1,0,0,0,6,1,4.96,4.46,1.54,超模,SPELL无身材-公式不适用
sea_abyss_v3,深海联盟,深渊·精英,MINION,1,1,2,0,4,0,3.46,4.96,1.04,正常,对账口径(生成器预算)
sea_mouth,深海联盟,巨口,MINION,1,0,2,0,2,1,4.96,3.46,0.54,正常,对账口径(生成器预算)
sea_mouth_v2,深海联盟,巨口·老兵,MINION,1,0,2,0,4,1,4.96,4.46,1.54,超模,对账口径(生成器预算)
sea_tide_v3,深海联盟,潮汐·精英,SPELL,1,0,0,0,10,1,4.96,5.46,4.54,超模,SPELL无身材-公式不适用
sea_mouth_v3,深海联盟,巨口·精英,MINION,1,0,2,0,4,1,4.96,5.46,0.54,正常,对账口径(生成器预算)
sea_reef_v2,深海联盟,暗礁·老兵,AMBUSH,1,0,0,0,0,1,4.96,4.46,-4.46,亏模,AMBUSH无身材-公式不适用
sea_drown,深海联盟,溺水,SPELL,1,1,0,0,4.5,0,3.46,2.96,1.54,超模,SPELL无身材-公式不适用
sea_wrath_v2,深海联盟,怒涛·老兵,PUNISH,1,0,0,0,0,1,4.96,4.46,-4.46,亏模,PUNISH不从主动出-公式不适用
sea_serpent,深海联盟,海蛇,MINION,1,0,3,0,2,0,4.96,4.96,0.04,正常,对账口径(生成器预算)
sea_drown_v2,深海联盟,溺水·老兵,SPELL,1,1,0,0,8,0,3.46,3.96,4.04,超模,SPELL无身材-公式不适用
sea_serpent_v2,深海联盟,海蛇·老兵,MINION,1,0,4,0,2,0,4.96,5.96,0.04,正常,对账口径(生成器预算)
sea_reef_v3,深海联盟,暗礁·精英,AMBUSH,2,0,0,0,0,1,5.69,6.19,-6.19,亏模,AMBUSH无身材-公式不适用
sea_drown_v3,深海联盟,溺水·精英,SPELL,2,1,0,0,10,0,4.19,5.69,4.31,超模,SPELL无身材-公式不适用
sea_wrath_v3,深海联盟,怒涛·精英,PUNISH,2,0,0,0,0,1,5.69,6.19,-6.19,亏模,PUNISH不从主动出-公式不适用
sea_serpent_v3,深海联盟,海蛇·精英,MINION,2,0,4,0,4,0,5.69,7.69,0.31,正常,对账口径(生成器预算)
sea_sink,深海联盟,沉没,SPELL,2,1,0,0,4.5,1,4.19,2.69,1.81,超模,SPELL无身材-公式不适用
sea_siren,深海联盟,海妖,MINION,2,0,2,0,2,1,5.69,4.19,-0.19,正常,对账口径(生成器预算)
sea_siren_v2,深海联盟,海妖·老兵,MINION,2,0,2,0,4,1,5.69,5.19,0.81,正常,对账口径(生成器预算)
sea_siren_v3,深海联盟,海妖·精英,MINION,2,1,2,0,4,1,4.19,4.69,1.31,正常,对账口径(生成器预算)
sea_sink_v2,深海联盟,沉没·老兵,SPELL,2,0,0,0,8,1,5.69,5.19,2.81,超模,SPELL无身材-公式不适用
sea_tsunami,深海联盟,海啸,MINION,2,0,2,0,2,1,5.69,4.19,-0.19,正常,对账口径(生成器预算)
sea_trap,深海联盟,海笼,AMBUSH,2,1,0,0,0,1,4.19,2.69,-2.69,亏模,AMBUSH无身材-公式不适用
sea_sink_v3,深海联盟,沉没·精英,SPELL,2,0,0,0,10,1,5.69,6.19,3.81,超模,SPELL无身材-公式不适用
sea_curse,深海联盟,海咒,PUNISH,2,0,0,0,0,1,5.69,4.19,-4.19,亏模,PUNISH不从主动出-公式不适用
sea_tsunami_v2,深海联盟,海啸·老兵,MINION,3,1,2,0,4,1,5.24,4.74,1.26,正常,对账口径(生成器预算)
sea_wash,深海联盟,冲刷,SPELL,3,2,0,0,4.5,0,3.74,3.74,0.76,正常,SPELL无身材-公式不适用
sea_tsunami_v3,深海联盟,海啸·精英,MINION,3,0,3,0,4,1,6.74,7.24,-0.24,正常,对账口径(生成器预算)
sea_trap_v2,深海联盟,海笼·老兵,AMBUSH,3,1,0,0,0,1,5.24,4.74,-4.74,亏模,AMBUSH无身材-公式不适用
sea_wash_v2,深海联盟,冲刷·老兵,SPELL,3,2,0,0,6,0,3.74,4.74,1.26,正常,SPELL无身材-公式不适用
sea_curse_v2,深海联盟,海咒·老兵,PUNISH,3,0,0,0,0,1,6.74,6.24,-6.24,亏模,PUNISH不从主动出-公式不适用
sea_coral,深海联盟,珊瑚,MINION,3,1,3,0,2,0,5.24,4.74,0.26,正常,对账口径(生成器预算)
sea_wash_v3,深海联盟,冲刷·精英,SPELL,3,2,0,0,10,0,3.74,5.74,4.26,超模,SPELL无身材-公式不适用
sea_coral_v2,深海联盟,珊瑚·老兵,MINION,3,0,5,0,2,0,6.74,7.24,-0.24,正常,对账口径(生成器预算)
sea_coral_v3,深海联盟,珊瑚·精英,MINION,3,1,3,0,4,0,5.24,6.74,0.26,正常,对账口径(生成器预算)
sea_shell,深海联盟,贝壳,MINION,3,2,2,0,2,1,3.74,2.24,1.76,超模,对账口径(生成器预算)
sea_shell_v2,深海联盟,贝壳·老兵,MINION,3,0,2,0,4,1,6.74,6.24,-0.24,正常,对账口径(生成器预算)
sea_shell_v3,深海联盟,贝壳·精英,MINION,4,0,5,0,4,1,8.11,8.61,0.39,正常,对账口径(生成器预算)
sea_eel,深海联盟,电鳗,MINION,4,1,5,0,2,0,6.61,6.61,0.39,正常,对账口径(生成器预算)
sea_eel_v2,深海联盟,电鳗·老兵,MINION,4,2,2,0,4,0,5.11,6.11,-0.11,正常,对账口径(生成器预算)
sea_eel_v3,深海联盟,电鳗·精英,MINION,4,3,2,0,4,0,3.61,5.61,0.39,正常,对账口径(生成器预算)
sea_ray,深海联盟,鳐鱼,MINION,4,0,5,0,2,1,8.11,6.61,0.39,正常,对账口径(生成器预算)
sea_ray_v2,深海联盟,鳐鱼·老兵,MINION,4,1,4,0,2,1,6.61,6.11,-0.11,正常,对账口径(生成器预算)
sea_ray_v3,深海联盟,鳐鱼·精英,MINION,5,2,3,0,4,1,6.8,7.3,-0.3,正常,对账口径(生成器预算)
sea_curse_v3,深海联盟,海咒·精英,PUNISH,5,3,0,0,0,1,5.3,5.8,-5.8,亏模,PUNISH不从主动出-公式不适用
sea_trap_v3,深海联盟,海笼·精英,AMBUSH,5,0,0,0,0,1,9.8,10.3,-10.3,亏模,AMBUSH无身材-公式不适用
sea_octopus,深海联盟,章鱼,MINION,0,0,2,0,2,1,4.55,3.05,0.95,正常,对账口径(生成器预算)
sea_octopus_v2,深海联盟,章鱼·老兵,MINION,3,2,2,0,4,1,3.74,3.24,2.76,超模,对账口径(生成器预算)
sea_octopus_v3,深海联盟,章鱼·精英,MINION,4,2,2,0,4,1,5.11,5.61,0.39,正常,对账口径(生成器预算)
sea_squid,深海联盟,乌贼,MINION,1,1,2,0,2,0,3.46,2.96,1.04,正常,对账口径(生成器预算)
sea_squid_v2,深海联盟,乌贼·老兵,MINION,2,2,2,0,4,0,2.69,3.19,2.81,超模,对账口径(生成器预算)
sea_squid_v3,深海联盟,乌贼·精英,MINION,5,1,6,0,4,0,8.3,9.8,0.2,正常,对账口径(生成器预算)
sea_crab,深海联盟,巨蟹,MINION,0,0,2,0,2,1,4.55,3.05,0.95,正常,对账口径(生成器预算)
sea_crab_v2,深海联盟,巨蟹·老兵,MINION,3,2,2,0,2,1,3.74,3.24,0.76,正常,对账口径(生成器预算)
sea_crab_v3,深海联盟,巨蟹·精英,MINION,4,0,5,0,4,1,8.11,8.61,0.39,正常,对账口径(生成器预算)
sea_jelly,深海联盟,水母,MINION,1,1,2,0,2,0,3.46,3.46,0.54,正常,对账口径(生成器预算)
sea_jelly_v2,深海联盟,水母·老兵,MINION,2,2,2,0,4,0,2.69,3.69,2.31,超模,对账口径(生成器预算)
sea_jelly_v3,深海联盟,水母·精英,MINION,5,3,3,0,4,0,5.3,7.3,-0.3,正常,对账口径(生成器预算)
sea_shark,深海联盟,鲨鱼,MINION,0,0,2,0,2,1,4.55,3.05,0.95,正常,对账口径(生成器预算)
sea_shark_v2,深海联盟,鲨鱼·老兵,MINION,3,2,2,0,4,1,3.74,3.24,2.76,超模,对账口径(生成器预算)
sea_shark_v3,深海联盟,鲨鱼·精英,MINION,4,2,2,0,4,1,5.11,5.61,0.39,正常,对账口径(生成器预算)
sea_whale,深海联盟,鲸,MINION,1,0,2,0,2,1,4.96,3.46,0.54,正常,对账口径(生成器预算)
sea_whale_v2,深海联盟,鲸·老兵,MINION,2,0,3,0,2,1,5.69,5.19,-0.19,正常,对账口径(生成器预算)
sea_whale_v3,深海联盟,鲸·精英,MINION,5,1,5,0,4,1,8.3,8.8,0.2,正常,对账口径(生成器预算)
sea_mermaid,深海联盟,人鱼,MINION,0,0,2,0,2,0,4.55,4.05,-0.05,正常,对账口径(生成器预算)
sea_mermaid_v2,深海联盟,人鱼·老兵,MINION,3,2,2,0,4,0,3.74,4.24,1.76,超模,对账口径(生成器预算)
sea_mermaid_v3,深海联盟,人鱼·精英,MINION,4,0,6,0,4,0,8.11,9.61,0.39,正常,对账口径(生成器预算)
sea_triton,深海联盟,海卫,MINION,1,0,2,0,2,1,4.96,3.46,0.54,正常,对账口径(生成器预算)
sea_triton_v2,深海联盟,海卫·老兵,MINION,2,0,2,0,4,1,5.69,5.19,0.81,正常,对账口径(生成器预算)
sea_triton_v3,深海联盟,海卫·精英,MINION,5,3,2,0,4,1,5.3,5.8,0.2,正常,对账口径(生成器预算)
sea_nereid,深海联盟,海仙女,MINION,0,0,3,0,2,0,4.55,4.55,0.45,正常,对账口径(生成器预算)
sea_nereid_v2,深海联盟,海仙女·老兵,MINION,3,2,3,0,2,0,3.74,4.74,0.26,正常,对账口径(生成器预算)
sea_nereid_v3,深海联盟,海仙女·精英,MINION,4,2,3,0,4,0,5.11,7.11,-0.11,正常,对账口径(生成器预算)
sea_drowned,深海联盟,溺亡者,MINION,1,0,2,0,2,1,4.96,3.46,0.54,正常,对账口径(生成器预算)
sea_drowned_v2,深海联盟,溺亡者·老兵,MINION,2,0,2,0,4,1,5.69,5.19,0.81,正常,对账口径(生成器预算)
sea_drowned_v3,深海联盟,溺亡者·精英,MINION,5,1,5,0,4,1,8.3,8.8,0.2,正常,对账口径(生成器预算)
sea_cultist,深海联盟,邪教徒,MINION,0,0,2,0,2,1,4.55,3.05,0.95,正常,对账口径(生成器预算)
sea_cultist_v2,深海联盟,邪教徒·老兵,MINION,3,2,2,0,4,1,3.74,3.24,2.76,超模,对账口径(生成器预算)
sea_cultist_v3,深海联盟,邪教徒·精英,MINION,4,0,5,0,4,1,8.11,8.61,0.39,正常,对账口径(生成器预算)
sea_flood,深海联盟,洪水,SPELL,1,0,0,0,4.5,1,4.96,3.46,1.04,正常,SPELL无身材-公式不适用
sea_flood_v2,深海联盟,洪水·老兵,SPELL,2,0,0,0,8,1,5.69,5.19,2.81,超模,SPELL无身材-公式不适用
sea_flood_v3,深海联盟,洪水·精英,SPELL,5,3,0,0,10,1,5.3,5.8,4.2,超模,SPELL无身材-公式不适用
sea_brine,深海联盟,盐水,SPELL,0,0,0,0,4.5,1,4.55,3.05,1.45,正常,SPELL无身材-公式不适用
sea_brine_v2,深海联盟,盐水·老兵,SPELL,3,2,0,0,8,1,3.74,3.24,4.76,超模,SPELL无身材-公式不适用
sea_brine_v3,深海联盟,盐水·精英,SPELL,4,2,0,0,10,1,5.11,5.61,4.39,超模,SPELL无身材-公式不适用
sea_current,深海联盟,洋流,SPELL,1,1,0,0,4.5,0,3.46,2.96,1.54,超模,SPELL无身材-公式不适用
sea_current_v2,深海联盟,洋流·老兵,SPELL,2,2,0,0,6,0,2.69,3.19,2.81,超模,SPELL无身材-公式不适用
sea_current_v3,深海联盟,洋流·精英,SPELL,5,1,0,0,8,0,8.3,9.8,-1.8,亏模,SPELL无身材-公式不适用
sea_vortex,深海联盟,漩涡,SPELL,0,0,0,0,4.5,1,4.55,3.05,1.45,正常,SPELL无身材-公式不适用
sea_vortex_v2,深海联盟,漩涡·老兵,SPELL,3,2,0,0,8,1,3.74,3.24,4.76,超模,SPELL无身材-公式不适用
sea_vortex_v3,深海联盟,漩涡·精英,SPELL,4,0,0,0,6,1,8.11,8.61,-2.61,亏模,SPELL无身材-公式不适用
sea_depth,深海联盟,海渊,SPELL,1,1,0,0,4.5,0,3.46,3.46,1.04,正常,SPELL无身材-公式不适用
sea_depth_v2,深海联盟,海渊·老兵,SPELL,2,2,0,0,8,0,2.69,3.69,4.31,超模,SPELL无身材-公式不适用
sea_depth_v3,深海联盟,海渊·精英,SPELL,5,3,0,0,10,0,5.3,7.3,2.7,超模,SPELL无身材-公式不适用
sea_ambush,深海联盟,暗流,AMBUSH,0,0,0,0,0,0,4.55,4.05,-4.05,亏模,AMBUSH无身材-公式不适用
sea_ambush_v2,深海联盟,暗流·老兵,AMBUSH,3,2,0,0,0,0,3.74,4.24,-4.24,亏模,AMBUSH无身材-公式不适用
sea_ambush_v3,深海联盟,暗流·精英,AMBUSH,4,2,0,0,0,0,5.11,6.61,-6.61,亏模,AMBUSH无身材-公式不适用
sea_hook,深海联盟,鱼钩,AMBUSH,1,0,0,0,0,1,4.96,3.46,-3.46,亏模,AMBUSH无身材-公式不适用
sea_hook_v2,深海联盟,鱼钩·老兵,AMBUSH,2,0,0,0,0,1,5.69,5.19,-5.19,亏模,AMBUSH无身材-公式不适用
sea_hook_v3,深海联盟,鱼钩·精英,AMBUSH,5,1,0,0,0,1,8.3,8.8,-8.8,亏模,AMBUSH无身材-公式不适用
sea_debt,深海联盟,潮汐债,PUNISH,1,0,0,0,0,0,4.96,4.46,-4.46,亏模,PUNISH不从主动出-公式不适用
sea_debt_v2,深海联盟,潮汐债·老兵,PUNISH,3,2,0,0,0,0,3.74,4.24,-4.24,亏模,PUNISH不从主动出-公式不适用
sea_debt_v3,深海联盟,潮汐债·精英,PUNISH,4,0,0,0,0,0,8.11,9.61,-9.61,亏模,PUNISH不从主动出-公式不适用
sea_judgment,深海联盟,审判,PUNISH,1,0,0,0,0,1,4.96,3.46,-3.46,亏模,PUNISH不从主动出-公式不适用
sea_judgment_v2,深海联盟,审判·老兵,PUNISH,2,0,0,0,0,1,5.69,5.19,-5.19,亏模,PUNISH不从主动出-公式不适用
sea_judgment_v3,深海联盟,审判·精英,PUNISH,5,3,0,0,0,1,5.3,5.8,-5.8,亏模,PUNISH不从主动出-公式不适用
wood_seedling,古木圣地,新芽,MINION,0,0,2,0,2,2,4.55,2.05,1.95,超模,对账口径(生成器预算)
wood_seedling_v2,古木圣地,新芽·老兵,MINION,0,0,2,0,2,2,4.55,3.05,0.95,正常,对账口径(生成器预算)
wood_growth,古木圣地,生长,SPELL,0,0,0,0,4.5,2,4.55,2.05,2.45,超模,SPELL无身材-公式不适用
wood_seedling_v3,古木圣地,新芽·精英,MINION,0,0,2,0,2,2,4.55,4.05,-0.05,正常,对账口径(生成器预算)
wood_trap,古木圣地,缠绕陷阱,AMBUSH,0,0,0,0,0,2,4.55,2.05,-2.05,亏模,AMBUSH无身材-公式不适用
wood_growth_v2,古木圣地,生长·老兵,SPELL,0,0,0,0,6,2,4.55,3.05,2.95,超模,SPELL无身材-公式不适用
wood_wrath,古木圣地,自然之怒,PUNISH,1,0,0,0,0,2,4.96,2.46,-2.46,亏模,PUNISH不从主动出-公式不适用
wood_sapling,古木圣地,树苗,MINION,0,0,2,0,2,4,4.55,0.05,3.95,超模,对账口径(生成器预算)
wood_growth_v3,古木圣地,生长·精英,SPELL,0,0,0,0,10,2,4.55,4.05,5.95,超模,SPELL无身材-公式不适用
wood_sapling_v2,古木圣地,树苗·老兵,MINION,0,0,2,0,4,4,4.55,1.05,4.95,超模,对账口径(生成器预算)
wood_sapling_v3,古木圣地,树苗·精英,MINION,0,0,2,0,4,4,4.55,2.05,3.95,超模,对账口径(生成器预算)
wood_treant,古木圣地,树人,MINION,0,0,3,0,2,0,4.55,4.55,0.45,正常,对账口径(生成器预算)
wood_bloom,古木圣地,绽放,SPELL,0,0,0,0,4.5,4,4.55,0.05,4.45,超模,SPELL无身材-公式不适用
wood_treant_v2,古木圣地,树人·老兵,MINION,1,0,2,0,4,0,4.96,5.96,0.04,正常,对账口径(生成器预算)
wood_bloom_v2,古木圣地,绽放·老兵,SPELL,1,0,0,0,8,4,4.96,1.46,6.54,超模,SPELL无身材-公式不适用
wood_treant_v3,古木圣地,树人·精英,MINION,1,1,3,0,2,0,3.46,5.46,-0.46,正常,对账口径(生成器预算)
wood_ancient,古木圣地,古树,MINION,1,0,3,0,2,0,4.96,4.96,0.04,正常,对账口径(生成器预算)
wood_ancient_v2,古木圣地,古树·老兵,MINION,1,0,4,0,2,0,4.96,5.96,0.04,正常,对账口径(生成器预算)
wood_bloom_v3,古木圣地,绽放·精英,SPELL,1,0,0,0,10,4,4.96,2.46,7.54,超模,SPELL无身材-公式不适用
wood_ancient_v3,古木圣地,古树·精英,MINION,1,0,3,0,4,0,4.96,6.96,0.04,正常,对账口径(生成器预算)
wood_trap_v2,古木圣地,缠绕陷阱·老兵,AMBUSH,1,0,0,0,0,2,4.96,3.46,-3.46,亏模,AMBUSH无身材-公式不适用
wood_root,古木圣地,扎根,SPELL,1,1,0,0,4.5,0,3.46,3.46,1.04,正常,SPELL无身材-公式不适用
wood_wrath_v2,古木圣地,自然之怒·老兵,PUNISH,1,0,0,0,0,2,4.96,3.46,-3.46,亏模,PUNISH不从主动出-公式不适用
wood_trap_v3,古木圣地,缠绕陷阱·精英,AMBUSH,2,0,0,0,0,2,5.69,5.19,-5.19,亏模,AMBUSH无身材-公式不适用
wood_root_v2,古木圣地,扎根·老兵,SPELL,2,1,0,0,8,0,4.19,5.19,2.81,超模,SPELL无身材-公式不适用
wood_wrath_v3,古木圣地,自然之怒·精英,PUNISH,2,0,0,0,0,2,5.69,5.19,-5.19,亏模,PUNISH不从主动出-公式不适用
wood_druid,古木圣地,德鲁伊,MINION,2,0,4,0,2,0,5.69,5.69,0.31,正常,对账口径(生成器预算)
wood_root_v3,古木圣地,扎根·精英,SPELL,2,1,0,0,4,0,4.19,6.19,-2.19,亏模,SPELL无身材-公式不适用
wood_druid_v2,古木圣地,德鲁伊·老兵,MINION,2,2,2,0,4,0,2.69,3.69,2.31,超模,对账口径(生成器预算)
wood_druid_v3,古木圣地,德鲁伊·精英,MINION,2,0,4,0,4,0,5.69,7.69,0.31,正常,对账口径(生成器预算)
wood_wisp,古木圣地,树灵,MINION,2,0,2,0,2,2,5.69,3.19,0.81,正常,对账口径(生成器预算)
wood_wild,古木圣地,疯长,SPELL,2,2,0,0,4.5,0,2.69,2.69,1.81,超模,SPELL无身材-公式不适用
wood_wisp_v2,古木圣地,树灵·老兵,MINION,2,0,2,0,4,2,5.69,4.19,1.81,超模,对账口径(生成器预算)
wood_vine,古木圣地,藤蔓陷阱,AMBUSH,2,0,0,0,0,4,5.69,1.19,-1.19,正常,AMBUSH无身材-公式不适用
wood_wild_v2,古木圣地,疯长·老兵,SPELL,2,2,0,0,6,0,2.69,3.69,2.31,超模,SPELL无身材-公式不适用
wood_wisp_v3,古木圣地,树灵·精英,MINION,3,0,4,0,2,2,6.74,6.24,-0.24,正常,对账口径(生成器预算)
wood_wild_v3,古木圣地,疯长·精英,SPELL,3,1,0,0,10,0,5.24,7.24,2.76,超模,SPELL无身材-公式不适用
wood_spirit,古木圣地,树精,MINION,3,0,2,0,2,4,6.74,2.24,1.76,超模,对账口径(生成器预算)
wood_vine_v2,古木圣地,藤蔓陷阱·老兵,AMBUSH,3,0,0,0,0,4,6.74,3.24,-3.24,亏模,AMBUSH无身材-公式不适用
wood_renew,古木圣地,新生,SPELL,3,1,0,0,3,0,5.24,5.24,-2.24,亏模,SPELL无身材-公式不适用
wood_judgment,古木圣地,森林审判,PUNISH,3,0,0,0,0,4,6.74,2.24,-2.24,亏模,PUNISH不从主动出-公式不适用
wood_spirit_v2,古木圣地,树精·老兵,MINION,3,0,2,0,2,4,6.74,3.24,0.76,正常,对账口径(生成器预算)
wood_renew_v2,古木圣地,新生·老兵,SPELL,3,1,0,0,8,0,5.24,6.24,1.76,超模,SPELL无身材-公式不适用
wood_spirit_v3,古木圣地,树精·精英,MINION,3,0,2,0,4,4,6.74,4.24,1.76,超模,对账口径(生成器预算)
wood_guardian,古木圣地,守护者,MINION,3,0,5,0,2,0,6.74,6.74,0.26,正常,对账口径(生成器预算)
wood_renew_v3,古木圣地,新生·精英,SPELL,4,2,0,0,10,0,5.11,7.11,2.89,超模,SPELL无身材-公式不适用
wood_guardian_v2,古木圣地,守护者·老兵,MINION,4,3,2,0,4,0,3.61,4.61,1.39,正常,对账口径(生成器预算)
wood_guardian_v3,古木圣地,守护者·精英,MINION,4,0,6,0,4,0,8.11,10.11,-0.11,正常,对账口径(生成器预算)
wood_oak,古木圣地,橡木,MINION,4,1,5,0,2,0,6.61,6.61,0.39,正常,对账口径(生成器预算)
wood_blessing,古木圣地,祝福,SPELL,4,2,0,0,4.5,2,5.11,2.61,1.89,超模,SPELL无身材-公式不适用
wood_oak_v2,古木圣地,橡木·老兵,MINION,4,3,2,0,4,0,3.61,4.61,1.39,正常,对账口径(生成器预算)
wood_vine_v3,古木圣地,藤蔓陷阱·精英,AMBUSH,4,0,0,0,0,4,8.11,5.61,-5.61,亏模,AMBUSH无身材-公式不适用
wood_blessing_v2,古木圣地,祝福·老兵,SPELL,4,1,0,0,8,2,6.61,5.11,2.89,超模,SPELL无身材-公式不适用
wood_blessing_v3,古木圣地,祝福·精英,SPELL,5,2,0,0,4,2,6.8,6.3,-2.3,亏模,SPELL无身材-公式不适用
wood_judgment_v2,古木圣地,森林审判·老兵,PUNISH,5,0,0,0,0,4,9.8,6.3,-6.3,亏模,PUNISH不从主动出-公式不适用
wood_oak_v3,古木圣地,橡木·精英,MINION,5,0,10,0,2,0,9.8,11.8,0.2,正常,对账口径(生成器预算)
wood_willow,古木圣地,柳树,MINION,5,1,6,0,2,0,8.3,8.3,-0.3,正常,对账口径(生成器预算)
wood_willow_v2,古木圣地,柳树·老兵,MINION,5,2,6,0,2,0,6.8,7.8,0.2,正常,对账口径(生成器预算)
wood_willow_v3,古木圣地,柳树·精英,MINION,5,3,3,0,4,0,5.3,7.3,-0.3,正常,对账口径(生成器预算)
wood_judgment_v3,古木圣地,森林审判·精英,PUNISH,5,0,0,0,0,4,9.8,7.3,-7.3,亏模,PUNISH不从主动出-公式不适用
wood_bramble,古木圣地,荆棘灌木,MINION,0,0,2,0,2,2,4.55,2.05,1.95,超模,对账口径(生成器预算)
wood_bramble_v2,古木圣地,荆棘灌木·老兵,MINION,3,0,2,0,4,2,6.74,5.24,0.76,正常,对账口径(生成器预算)
wood_bramble_v3,古木圣地,荆棘灌木·精英,MINION,4,2,2,0,4,2,5.11,4.61,1.39,正常,对账口径(生成器预算)
wood_creeper,古木圣地,蔓生者,MINION,1,0,2,0,2,4,4.96,0.46,3.54,超模,对账口径(生成器预算)
wood_creeper_v2,古木圣地,蔓生者·老兵,MINION,2,0,2,0,4,4,5.69,2.19,3.81,超模,对账口径(生成器预算)
wood_creeper_v3,古木圣地,蔓生者·精英,MINION,5,1,4,0,2,4,8.3,5.8,0.2,正常,对账口径(生成器预算)
wood_mushroom,古木圣地,蘑菇,MINION,0,0,3,0,2,0,4.55,4.55,0.45,正常,对账口径(生成器预算)
wood_mushroom_v2,古木圣地,蘑菇·老兵,MINION,3,2,3,0,2,0,3.74,4.74,0.26,正常,对账口径(生成器预算)
wood_mushroom_v3,古木圣地,蘑菇·精英,MINION,4,0,6,0,4,0,8.11,10.11,-0.11,正常,对账口径(生成器预算)
wood_faerie,古木圣地,小仙子,MINION,1,1,2,0,2,0,3.46,3.46,0.54,正常,对账口径(生成器预算)
wood_faerie_v2,古木圣地,小仙子·老兵,MINION,2,2,2,0,4,0,2.69,3.69,2.31,超模,对账口径(生成器预算)
wood_faerie_v3,古木圣地,小仙子·精英,MINION,5,3,3,0,4,0,5.3,7.3,-0.3,正常,对账口径(生成器预算)
wood_stag,古木圣地,雄鹿,MINION,0,0,3,0,2,0,4.55,4.55,0.45,正常,对账口径(生成器预算)
wood_stag_v2,古木圣地,雄鹿·老兵,MINION,3,2,2,0,4,0,3.74,4.74,1.26,正常,对账口径(生成器预算)
wood_stag_v3,古木圣地,雄鹿·精英,MINION,4,2,5,0,2,0,5.11,7.11,-0.11,正常,对账口径(生成器预算)
wood_bear,古木圣地,熊,MINION,1,0,2,0,2,2,4.96,2.46,1.54,超模,对账口径(生成器预算)
wood_bear_v2,古木圣地,熊·老兵,MINION,2,0,2,0,2,2,5.69,4.19,-0.19,正常,对账口径(生成器预算)
wood_bear_v3,古木圣地,熊·精英,MINION,5,1,4,0,4,2,8.3,7.8,0.2,正常,对账口径(生成器预算)
wood_wolf,古木圣地,狼,MINION,0,0,2,0,2,4,4.55,0.05,3.95,超模,对账口径(生成器预算)
wood_wolf_v2,古木圣地,狼·老兵,MINION,3,0,2,0,4,4,6.74,3.24,2.76,超模,对账口径(生成器预算)
wood_wolf_v3,古木圣地,狼·精英,MINION,4,0,2,0,4,4,8.11,5.61,0.39,正常,对账口径(生成器预算)
wood_owl,古木圣地,猫头鹰,MINION,1,1,2,0,2,0,3.46,3.46,0.54,正常,对账口径(生成器预算)
wood_owl_v2,古木圣地,猫头鹰·老兵,MINION,2,2,2,0,4,0,2.69,3.69,2.31,超模,对账口径(生成器预算)
wood_owl_v3,古木圣地,猫头鹰·精英,MINION,5,3,5,0,2,0,5.3,7.3,-0.3,正常,对账口径(生成器预算)
wood_moth,古木圣地,飞蛾,MINION,0,0,3,0,2,0,4.55,4.55,0.45,正常,对账口径(生成器预算)
wood_moth_v2,古木圣地,飞蛾·老兵,MINION,3,2,3,0,2,0,3.74,4.74,0.26,正常,对账口径(生成器预算)
wood_moth_v3,古木圣地,飞蛾·精英,MINION,4,2,3,0,4,0,5.11,7.11,-0.11,正常,对账口径(生成器预算)
wood_ent,古木圣地,古树守卫,MINION,1,1,2,0,2,0,3.46,3.46,0.54,正常,对账口径(生成器预算)
wood_ent_v2,古木圣地,古树守卫·老兵,MINION,2,2,2,0,4,0,2.69,3.69,2.31,超模,对账口径(生成器预算)
wood_ent_v3,古木圣地,古树守卫·精英,MINION,5,1,6,0,4,0,8.3,10.3,-0.3,正常,对账口径(生成器预算)
wood_storm,古木圣地,风暴,SPELL,0,0,0,0,4.5,4,4.55,0.05,4.45,超模,SPELL无身材-公式不适用
wood_storm_v2,古木圣地,风暴·老兵,SPELL,3,0,0,0,6,4,6.74,3.24,2.76,超模,SPELL无身材-公式不适用
wood_storm_v3,古木圣地,风暴·精英,SPELL,4,0,0,0,10,4,8.11,5.61,4.39,超模,SPELL无身材-公式不适用
wood_thorns,古木圣地,荆棘,SPELL,1,1,0,0,4.5,0,3.46,3.46,1.04,正常,SPELL无身材-公式不适用
wood_thorns_v2,古木圣地,荆棘·老兵,SPELL,2,2,0,0,8,0,2.69,3.69,4.31,超模,SPELL无身材-公式不适用
wood_thorns_v3,古木圣地,荆棘·精英,SPELL,5,3,0,0,10,0,5.3,7.3,2.7,超模,SPELL无身材-公式不适用
wood_bind,古木圣地,束缚,SPELL,0,0,0,0,3,0,4.55,4.55,-1.55,亏模,SPELL无身材-公式不适用
wood_bind_v2,古木圣地,束缚·老兵,SPELL,3,2,0,0,8,0,3.74,4.74,3.26,超模,SPELL无身材-公式不适用
wood_bind_v3,古木圣地,束缚·精英,SPELL,4,2,0,0,4,0,5.11,7.11,-3.11,亏模,SPELL无身材-公式不适用
wood_scry,古木圣地,占卜,SPELL,1,1,0,0,4.5,0,3.46,3.46,1.04,正常,SPELL无身材-公式不适用
wood_scry_v2,古木圣地,占卜·老兵,SPELL,2,2,0,0,6,0,2.69,3.69,2.31,超模,SPELL无身材-公式不适用
wood_scry_v3,古木圣地,占卜·精英,SPELL,5,1,0,0,8,0,8.3,10.3,-2.3,亏模,SPELL无身材-公式不适用
wood_spring,古木圣地,泉水,SPELL,0,0,0,0,4.5,2,4.55,2.05,2.45,超模,SPELL无身材-公式不适用
wood_spring_v2,古木圣地,泉水·老兵,SPELL,3,0,0,0,8,2,6.74,5.24,2.76,超模,SPELL无身材-公式不适用
wood_spring_v3,古木圣地,泉水·精英,SPELL,4,0,0,0,6,2,8.11,7.61,-1.61,亏模,SPELL无身材-公式不适用
wood_circle,古木圣地,法阵,SPELL,1,0,0,0,4.5,4,4.96,0.46,4.04,超模,SPELL无身材-公式不适用
wood_circle_v2,古木圣地,法阵·老兵,SPELL,2,0,0,0,8,4,5.69,2.19,5.81,超模,SPELL无身材-公式不适用
wood_circle_v3,古木圣地,法阵·精英,SPELL,5,0,0,0,4.5,4,9.8,7.3,-2.8,亏模,SPELL无身材-公式不适用
wood_ward,古木圣地,屏障,AMBUSH,0,0,0,0,0,0,4.55,4.55,-4.55,亏模,AMBUSH无身材-公式不适用
wood_ward_v2,古木圣地,屏障·老兵,AMBUSH,3,2,0,0,0,0,3.74,4.74,-4.74,亏模,AMBUSH无身材-公式不适用
wood_ward_v3,古木圣地,屏障·精英,AMBUSH,4,2,0,0,0,0,5.11,7.11,-7.11,亏模,AMBUSH无身材-公式不适用
wood_snare,古木圣地,捕网,AMBUSH,1,1,0,0,0,0,3.46,3.46,-3.46,亏模,AMBUSH无身材-公式不适用
wood_snare_v2,古木圣地,捕网·老兵,AMBUSH,2,2,0,0,0,0,2.69,3.69,-3.69,亏模,AMBUSH无身材-公式不适用
wood_snare_v3,古木圣地,捕网·精英,AMBUSH,5,1,0,0,0,0,8.3,10.3,-10.3,亏模,AMBUSH无身材-公式不适用
wood_pact,古木圣地,自然契约,PUNISH,1,0,0,0,0,0,4.96,4.96,-4.96,亏模,PUNISH不从主动出-公式不适用
wood_pact_v2,古木圣地,自然契约·老兵,PUNISH,3,2,0,0,0,0,3.74,4.74,-4.74,亏模,PUNISH不从主动出-公式不适用
wood_pact_v3,古木圣地,自然契约·精英,PUNISH,4,0,0,0,0,0,8.11,10.11,-10.11,亏模,PUNISH不从主动出-公式不适用
wood_price,古木圣地,代价,PUNISH,1,1,0,0,0,0,3.46,3.46,-3.46,亏模,PUNISH不从主动出-公式不适用
wood_price_v2,古木圣地,代价·老兵,PUNISH,2,2,0,0,0,0,2.69,3.69,-3.69,亏模,PUNISH不从主动出-公式不适用
wood_price_v3,古木圣地,代价·精英,PUNISH,5,3,0,0,0,0,5.3,7.3,-7.3,亏模,PUNISH不从主动出-公式不适用
neutral_mercenary,无阵营,雇佣剑士,MINION,0,1,3,0,0,0,3.05,3.05,-0.05,正常,对账口径(生成器预算)
neutral_mercenary_v2,无阵营,雇佣剑士·老兵,MINION,0,0,5,0,1,0,4.55,5.55,0.45,正常,对账口径(生成器预算)
neutral_heal,无阵营,治疗,SPELL,0,1,0,0,1,0,3.05,3.05,-2.05,亏模,SPELL无身材-公式不适用
neutral_mercenary_v3,无阵营,雇佣剑士·精英,MINION,0,0,3,0,3,0,4.55,6.55,-0.55,正常,对账口径(生成器预算)
neutral_trap,无阵营,陷阱,AMBUSH,0,1,0,0,0,0,3.05,3.05,-3.05,亏模,AMBUSH无身材-公式不适用
neutral_heal_v2,无阵营,治疗·老兵,SPELL,0,0,0,0,4,0,4.55,5.55,-1.55,亏模,SPELL无身材-公式不适用
neutral_backlash,无阵营,反噬,PUNISH,1,1,0,0,0,0,3.46,3.46,-3.46,亏模,PUNISH不从主动出-公式不适用
neutral_knight,无阵营,骑士,MINION,0,0,5,0,0,0,4.55,4.55,0.45,正常,对账口径(生成器预算)
neutral_heal_v3,无阵营,治疗·精英,SPELL,0,1,0,0,2,0,3.05,5.05,-3.05,亏模,SPELL无身材-公式不适用
neutral_knight_v2,无阵营,骑士·老兵,MINION,0,0,5,-1,2,0,4.55,5.55,0.45,正常,对账口径(生成器预算)
neutral_knight_v3,无阵营,骑士·精英,MINION,0,1,5,0,0,0,3.05,5.05,-0.05,正常,对账口径(生成器预算)
neutral_scout,无阵营,斥候,MINION,0,0,3,0,0,1,4.55,2.55,0.45,正常,对账口径(生成器预算)
neutral_scout_v2,无阵营,斥候·老兵,MINION,1,0,4,0,0,1,4.96,3.96,0.04,正常,对账口径(生成器预算)
neutral_draw,无阵营,抽牌,SPELL,1,0,0,0,1,0,4.96,4.96,-3.96,亏模,SPELL无身材-公式不适用
neutral_scout_v3,无阵营,斥候·精英,MINION,1,0,2,0,2,1,4.96,4.96,-0.96,正常,对账口径(生成器预算)
neutral_mage,无阵营,法师,MINION,1,1,3,0,0,0,3.46,3.46,-0.46,正常,对账口径(生成器预算)
neutral_mage_v2,无阵营,法师·老兵,MINION,1,0,4,0,2,0,4.96,5.96,0.04,正常,对账口径(生成器预算)
neutral_draw_v2,无阵营,抽牌·老兵,SPELL,1,0,0,0,2.5,0,4.96,5.96,-3.46,亏模,SPELL无身材-公式不适用
neutral_mage_v3,无阵营,法师·精英,MINION,1,1,3,0,2,0,3.46,5.46,-0.46,正常,对账口径(生成器预算)
neutral_trap_v2,无阵营,陷阱·老兵,AMBUSH,1,0,0,0,0,0,4.96,5.96,-5.96,亏模,AMBUSH无身材-公式不适用
neutral_draw_v3,无阵营,抽牌·精英,SPELL,1,0,0,0,4,0,4.96,6.96,-2.96,亏模,SPELL无身材-公式不适用
neutral_backlash_v2,无阵营,反噬·老兵,PUNISH,1,1,0,0,0,0,3.46,4.46,-4.46,亏模,PUNISH不从主动出-公式不适用
neutral_thief,无阵营,盗贼,MINION,1,0,5,0,0,0,4.96,4.96,0.04,正常,对账口径(生成器预算)
neutral_strike,无阵营,打击,SPELL,1,0,0,0,1,1,4.96,2.96,-1.96,亏模,SPELL无身材-公式不适用
neutral_thief_v2,无阵营,盗贼·老兵,MINION,1,1,3,0,1,0,3.46,4.46,-0.46,正常,对账口径(生成器预算)
neutral_ward,无阵营,警戒,AMBUSH,2,2,0,0,0,0,2.69,2.69,-2.69,亏模,AMBUSH无身材-公式不适用
neutral_strike_v2,无阵营,打击·老兵,SPELL,2,0,0,0,2,1,5.69,4.69,-2.69,亏模,SPELL无身材-公式不适用
neutral_woe,无阵营,灾祸,PUNISH,2,1,0,0,0,0,4.19,4.19,-4.19,亏模,PUNISH不从主动出-公式不适用
neutral_thief_v3,无阵营,盗贼·精英,MINION,2,2,5,0,0,0,2.69,4.69,0.31,正常,对账口径(生成器预算)
neutral_strike_v3,无阵营,打击·精英,SPELL,2,0,0,0,2,1,5.69,5.69,-3.69,亏模,SPELL无身材-公式不适用
neutral_cleric,无阵营,牧师,MINION,2,1,3,0,1,0,4.19,4.19,-0.19,正常,对账口径(生成器预算)
neutral_cleric_v2,无阵营,牧师·老兵,MINION,2,2,4,0,0,0,2.69,3.69,0.31,正常,对账口径(生成器预算)
neutral_cleric_v3,无阵营,牧师·精英,MINION,2,0,3,0,6,0,5.69,7.69,1.31,正常,对账口径(生成器预算)
neutral_shield,无阵营,护盾,SPELL,2,1,0,0,2.5,0,4.19,4.19,-1.69,亏模,SPELL无身材-公式不适用
neutral_ranger,无阵营,游侠,MINION,2,2,3,0,0,0,2.69,2.69,0.31,正常,对账口径(生成器预算)
neutral_ward_v2,无阵营,警戒·老兵,AMBUSH,2,0,0,0,0,0,5.69,6.69,-6.69,亏模,AMBUSH无身材-公式不适用
neutral_shield_v2,无阵营,护盾·老兵,SPELL,2,1,0,0,2,0,4.19,5.19,-3.19,亏模,SPELL无身材-公式不适用
neutral_woe_v2,无阵营,灾祸·老兵,PUNISH,2,2,0,0,0,0,2.69,3.69,-3.69,亏模,PUNISH不从主动出-公式不适用
neutral_ranger_v2,无阵营,游侠·老兵,MINION,2,0,7,0,0,0,5.69,6.69,0.31,正常,对账口径(生成器预算)
neutral_ranger_v3,无阵营,游侠·精英,MINION,3,1,3,0,4,0,5.24,7.24,-0.24,正常,对账口径(生成器预算)
neutral_shield_v3,无阵营,护盾·精英,SPELL,3,2,0,0,2.5,0,3.74,5.74,-3.24,亏模,SPELL无身材-公式不适用
neutral_assassin,无阵营,刺客,MINION,3,0,3,0,1,1,6.74,4.74,-0.74,正常,对账口径(生成器预算)
neutral_ambush,无阵营,伏击,AMBUSH,3,1,0,0,0,1,5.24,3.24,-3.24,亏模,AMBUSH无身材-公式不适用
neutral_banish,无阵营,驱逐,SPELL,3,2,0,0,2,0,3.74,3.74,-1.74,亏模,SPELL无身材-公式不适用
neutral_doom,无阵营,厄运,PUNISH,3,0,0,0,0,1,6.74,4.74,-4.74,亏模,PUNISH不从主动出-公式不适用
neutral_assassin_v2,无阵营,刺客·老兵,MINION,3,1,2,0,2,1,5.24,4.24,-0.24,正常,对账口径(生成器预算)
neutral_banish_v2,无阵营,驱逐·老兵,SPELL,3,2,0,0,3,0,3.74,4.74,-1.74,亏模,SPELL无身材-公式不适用
neutral_assassin_v3,无阵营,刺客·精英,MINION,3,0,4,0,2,1,6.74,6.74,-0.74,正常,对账口径(生成器预算)
neutral_guardian,无阵营,守卫,MINION,3,1,3,0,2,0,5.24,5.24,-0.24,正常,对账口径(生成器预算)
neutral_banish_v3,无阵营,驱逐·精英,SPELL,4,2,0,0,3,0,5.11,7.11,-4.11,亏模,SPELL无身材-公式不适用
neutral_guardian_v2,无阵营,守卫·老兵,MINION,4,3,3,0,2,0,3.61,4.61,0.39,正常,对账口径(生成器预算)
neutral_guardian_v3,无阵营,守卫·精英,MINION,4,0,8,0,2,0,8.11,10.11,-0.11,正常,对账口径(生成器预算)
neutral_spirit,无阵营,幽灵,MINION,4,1,7,0,0,0,6.61,6.61,0.39,正常,对账口径(生成器预算)
neutral_fate,无阵营,命运,SPELL,4,2,0,0,1,0,5.11,5.11,-4.11,亏模,SPELL无身材-公式不适用
neutral_spirit_v2,无阵营,幽灵·老兵,MINION,4,3,4,0,1,0,3.61,4.61,0.39,正常,对账口径(生成器预算)
neutral_ambush_v2,无阵营,伏击·老兵,AMBUSH,4,0,0,0,0,1,8.11,7.11,-7.11,亏模,AMBUSH无身材-公式不适用
neutral_fate_v2,无阵营,命运·老兵,SPELL,5,1,0,0,3,0,8.3,9.3,-6.3,亏模,SPELL无身材-公式不适用
neutral_doom_v2,无阵营,厄运·老兵,PUNISH,5,2,0,0,0,1,6.8,5.8,-5.8,亏模,PUNISH不从主动出-公式不适用
neutral_spirit_v3,无阵营,幽灵·精英,MINION,5,3,7,0,0,0,5.3,7.3,-0.3,正常,对账口径(生成器预算)
neutral_fate_v3,无阵营,命运·精英,SPELL,5,0,0,0,3,0,9.8,11.8,-8.8,亏模,SPELL无身材-公式不适用