asset_id,path,kind,alpha,portable,runtime_role,engine_specific,sha256
CASTLE_DAMAGE_0,assets/masks/castle_damage_0.png,mask,yes,yes,generic,no,a01fcdc6ded02a26c4c44a29a1015c1b0c2902401bd153548879cb3d62526a1b
CASTLE_DAMAGE_10,assets/masks/castle_damage_10.png,mask,yes,yes,generic,no,483c469d99faeb96f980c1b7107bd850e2a983ae2d6f878098461649d63dcda5
CASTLE_DAMAGE_25,assets/masks/castle_damage_25.png,mask,yes,yes,generic,no,a4e46ae2862ac0a9da5f8be03c0f81428c89520982502fcb735b0c3e51aafc6f
CASTLE_DAMAGE_50,assets/masks/castle_damage_50.png,mask,yes,yes,generic,no,174eb28862e753c743178820fd0627c0486918639abc782d44d2d7b9aecdfc18
CASTLE_DAMAGE_75,assets/masks/castle_damage_75.png,mask,yes,yes,generic,no,68249b570f5b72ab2dc9531b0891c1c2b9d2fa033c9a5515dbca1c8871a64e9b
AMBUSH,assets/raster_1x/card/ambush.png,raster-fallback,yes,yes,generic,no,fdd42062ac0847bb89209b666343e97ead4633539e1fcbfc41ebdcc99d77d857
AMBUSH_VOID,assets/raster_1x/card/ambush_void.png,raster-fallback,yes,yes,generic,no,43628b4bf473319212d56dff12adcacc7917e63362071cb4aee6d507f05e914b
CARD_BACK_MASTER,assets/raster_1x/card/card_back_master.png,raster-fallback,no,yes,generic,no,56f3d0a0dc0d290be6eabf13df7e87e7f742b77281cb4aa69ab29912cfdb47bf
CARD_FRONT_MASTER,assets/raster_1x/card/card_front_master.png,raster-fallback,no,yes,generic,no,844da9d82f4b3d50473a92ab80b6818c4a8cf962058c2fe10887ac5e23a1e02d
CARD_SLOT,assets/raster_1x/card/card_slot.png,raster-fallback,yes,yes,generic,no,efd74ac7451efd575b6055abe10f3a08cf04efc62b765d239bdb716399bbad53
DESTROYED,assets/raster_1x/card/destroyed.png,raster-fallback,yes,yes,generic,no,e741a343e72c0810071cb3b93d96b5e14a312c7fa580e01e82da864f9b4f2ed5
DISABLED,assets/raster_1x/card/disabled.png,raster-fallback,yes,yes,generic,no,692f3805449951fdfa89c98dd1793b34f07ac4b9c359d1abedf88b9b6a9f8c78
HOVER,assets/raster_1x/card/hover.png,raster-fallback,yes,yes,generic,no,129e2f9f5d1f0989859e4f34da4f18322abec1047fafa96922c8aeba2bfaf731
LEADER,assets/raster_1x/card/leader.png,raster-fallback,yes,yes,generic,no,a9fb99bec5c89bf7c04229eefabe7efa064de083801290cb91cf314e61d1fbad
LEADER_MANIFEST,assets/raster_1x/card/leader_manifest.png,raster-fallback,yes,yes,generic,no,cb82959040b668466394c02a5f2b3d9bf3a78249db1157c7fbf438284232d888
PUNISHMENT,assets/raster_1x/card/punishment.png,raster-fallback,yes,yes,generic,no,7a0ae0f89734623b6047d0df6c1ea4c36a6f32e8c54cb6bd73dd37d3e6837215
PUNISHMENT_INTRUSION,assets/raster_1x/card/punishment_intrusion.png,raster-fallback,yes,yes,generic,no,b428f3f542ac7513ed1684e83517c6a0c40b7d80b08298e49b337305ece8e948
SELECTED,assets/raster_1x/card/selected.png,raster-fallback,yes,yes,generic,no,862e5e735e26fcc46792dc544076bb3b5ea5d119bc7786d51e5717c8af0439e3
SILENCED,assets/raster_1x/card/silenced.png,raster-fallback,yes,yes,generic,no,e4e2fe0219a2ab52231be1c47901d87e591b763f488f31674a02d2f5e7e6d170
SPELL,assets/raster_1x/card/spell.png,raster-fallback,yes,yes,generic,no,324e367e49de582530285a3fc6ca43e969d476f21884409d8126605f8c01fb7e
SPELL_DIAGONAL,assets/raster_1x/card/spell_diagonal.png,raster-fallback,yes,yes,generic,no,5b610b08f455fa6afc25941933ac60e3bc26069bf77d4183a6ce6021663b0eb5
UNIT,assets/raster_1x/card/unit.png,raster-fallback,yes,yes,generic,no,827149db3ffc269e00be6fe9d21d8ee49a7177a45bae801f660ecffef32d57aa
UNIT_BREAKOUT,assets/raster_1x/card/unit_breakout.png,raster-fallback,yes,yes,generic,no,0bb41971c4c057c9bb3443f2dd283217a6bc21289697c3626caf1b43065eb432
FLAME_SEAL,assets/raster_1x/core/flame_seal.png,raster-fallback,yes,yes,generic,no,863af4a51297921e3b3ae9999511bf12e9d3a7a748c77ab0348263c78dbbd491
FLAME_WEDGE,assets/raster_1x/core/flame_wedge.png,raster-fallback,yes,yes,generic,no,6ef826555dd430cdb1dfb5b1cd814c01ae42fbaec894f2d4b89f1ae245a266e2
MACHINE_SEAL,assets/raster_1x/core/machine_seal.png,raster-fallback,yes,yes,generic,no,3a6aa002d95b2273ffbf79cf6fda4261ae9b651f389c8609ed544eff1cb9cb26
MACHINE_WEDGE,assets/raster_1x/core/machine_wedge.png,raster-fallback,yes,yes,generic,no,3440df4c2db8442eb69097a23fd89680cd6cb60f00e81c0dc98e71c36661969c
MISREGISTRATION_GRID,assets/raster_1x/core/misregistration_grid.png,raster-fallback,yes,yes,generic,no,fc8304ef3f8da8b9066797b74ea1281ecd820f9a9d5c9d312fdf0242b21ab81e
NEUTRAL_SEAL,assets/raster_1x/core/neutral_seal.png,raster-fallback,yes,yes,generic,no,475531cf96b7adcc964d4340b7ce403886d84969ae83cd7bfb5814cbc95608c6
NEUTRAL_WEDGE,assets/raster_1x/core/neutral_wedge.png,raster-fallback,yes,yes,generic,no,7974b170d0aeb357f110eb75270a079a4400a59e91cf15759b492380ca715bb6
SEA_SEAL,assets/raster_1x/core/sea_seal.png,raster-fallback,yes,yes,generic,no,4af97c4170eee874c2826d0bc681430bb5a32050241975b8646880611d56f1d9
SEA_WEDGE,assets/raster_1x/core/sea_wedge.png,raster-fallback,yes,yes,generic,no,3a3d704df41a87e8d30da2a07d7349e2a6be2c2879d84ea526212f645ddf59f4
WOOD_SEAL,assets/raster_1x/core/wood_seal.png,raster-fallback,yes,yes,generic,no,dc7338877b8e44db2d9f8da375272467513845eff611bbbf94b84fd0411e457d
WOOD_WEDGE,assets/raster_1x/core/wood_wedge.png,raster-fallback,yes,yes,generic,no,9f8041dc3d1eeb5e3c1ec988ecbc968c388fbc3cb5b9396fa11521b890573764
AMBUSH_FOCUS,assets/raster_1x/icons/ambush_focus.png,raster-fallback,yes,yes,generic,no,5d29ecdf56229219633d2a0620d202ab170820b63b8ceae5b36863074afa8210
AMBUSH_LOCKDOWN,assets/raster_1x/icons/ambush_lockdown.png,raster-fallback,yes,yes,generic,no,40057605b6f5cd5466ed5358da10527eee56c53452f09d541159a20b169d25c9
AMBUSH_NORMAL,assets/raster_1x/icons/ambush_normal.png,raster-fallback,yes,yes,generic,no,f6f866ac244394823accf719927cd3e73de8b5ef7eb7d39b68ed8dfcdd3683f6
BACK,assets/raster_1x/icons/back.png,raster-fallback,yes,yes,generic,no,76bdb7094ce0e783fd882cd15dcde9bd92c342a0ef8d58a53e4ceee9b5cf9ecb
CANCEL,assets/raster_1x/icons/cancel.png,raster-fallback,yes,yes,generic,no,79b621b16cd77d4f30aee9e9fbcbbd48ce4469cf3faeecf700584cf1dd62c1a9
CASTLE,assets/raster_1x/icons/castle.png,raster-fallback,yes,yes,generic,no,906c72f0478c7bf84114b8d08603f5be3b95d721fb16bb2b1fe79bf9d836e2d0
CHANT,assets/raster_1x/icons/chant.png,raster-fallback,yes,yes,generic,no,7de6a7a6e029239c7fdd60567b0b155bf2b2d0c99d9c827b2e2512da7bbb41a5
CONFIRM,assets/raster_1x/icons/confirm.png,raster-fallback,yes,yes,generic,no,f2898877b48a2080b98d4bff1dd9b9e3f69aafc2c31fa924768be02946491986
CYCLE,assets/raster_1x/icons/cycle.png,raster-fallback,yes,yes,generic,no,5b644338f0e8733b7ecde0cce25935ebdfc36924171d81519acc83cfd0a26ea6
DECK,assets/raster_1x/icons/deck.png,raster-fallback,yes,yes,generic,no,b2f4486cee7e186b0b76e6fa4f40233cf449e8393bf3262d5c6fc89d9f39bc16
DESTROY,assets/raster_1x/icons/destroy.png,raster-fallback,yes,yes,generic,no,f48d6d0981222e145460636bab08901906184f388988f53690d7841f01c39b18
DISCARD,assets/raster_1x/icons/discard.png,raster-fallback,yes,yes,generic,no,0bd5adf04341572c2274b359c1a7c6029824cb8920e9fa03b3710d3347c0343c
DRAW,assets/raster_1x/icons/draw.png,raster-fallback,yes,yes,generic,no,ad23de078c23484bbef7378074e0d3530f65b074ded4e508d68dcd0d3cbda3d9
DURABILITY,assets/raster_1x/icons/durability.png,raster-fallback,yes,yes,generic,no,98d63cfeefd061acf0615242d5e31efd70c3e37c7184e360815f4901c04a86d8
GUARD,assets/raster_1x/icons/guard.png,raster-fallback,yes,yes,generic,no,a8f5530e0416c0251ac9b358da7759b516ee0a8c23bc8c1efc2887a57feb913d
HEAL,assets/raster_1x/icons/heal.png,raster-fallback,yes,yes,generic,no,f02a7fb144bafa6abe620db6e21ce9c9c969965f6bc63b9d8086ad35ba6a2049
INFO,assets/raster_1x/icons/info.png,raster-fallback,yes,yes,generic,no,64c83c4e4202dcdb1a491ba20c85d680f350856c6e1191e884a7095bf0dd2253
KING_SLAYER,assets/raster_1x/icons/king_slayer.png,raster-fallback,yes,yes,generic,no,9edb5ff5a18003a113640b10cccb4590602160d7fbf64cfe8c5568333a266046
LEADER,assets/raster_1x/icons/leader.png,raster-fallback,yes,yes,generic,no,cdc79563bac5cb8baa000bad9fe6976d35fb9f7d943a28c59f04ae30ee60540b
PAUSE,assets/raster_1x/icons/pause.png,raster-fallback,yes,yes,generic,no,f2922907323e39349304e715d5b93e7c5d930e835015c2d660a4e1d86ad82a77
PHASE_ACTION,assets/raster_1x/icons/phase_action.png,raster-fallback,yes,yes,generic,no,e08dda442ea772fdbcb988e8ab38aecbf063a583c1da98b1b8ed8ceb4417a4ae
PHASE_AMBUSH,assets/raster_1x/icons/phase_ambush.png,raster-fallback,yes,yes,generic,no,18a0a60bb9bf6fca803ea7073aa47aeb067c6fd65044d926950a683a92000924
PHASE_DISCARD,assets/raster_1x/icons/phase_discard.png,raster-fallback,yes,yes,generic,no,55c11703331e47506eb4d5bd94513076ca2877c74614b82fef9e1c4cf886044e
PHASE_END,assets/raster_1x/icons/phase_end.png,raster-fallback,yes,yes,generic,no,7f294e54b0395b8e994d0c544b62c180e5eb725123dae25ed00b7403635a3b1c
PHASE_START,assets/raster_1x/icons/phase_start.png,raster-fallback,yes,yes,generic,no,086e74f27e76e2dab38039feccda93b36cd0731570b9fbfd94d7f8c361b4c2e0
PLAY,assets/raster_1x/icons/play.png,raster-fallback,yes,yes,generic,no,a6de8301f0b6ae24f9af715e47feaa607dd88647d6b0a13df6e278a5c1211fd9
PUNISH,assets/raster_1x/icons/punish.png,raster-fallback,yes,yes,generic,no,24ddc24355a35f60ecab7b97fa0752b91c811f4b330119301163a37658e6c57f
REMATCH,assets/raster_1x/icons/rematch.png,raster-fallback,yes,yes,generic,no,9dec5d80fab15aae4705ed6427844d00756f4c65fab90e697737eacab0ecd3ae
RULES,assets/raster_1x/icons/rules.png,raster-fallback,yes,yes,generic,no,6b7611917d5a68d3ab44a282a857706c3109f335bf2f8c4209ce3aabb597cef9
RUSH,assets/raster_1x/icons/rush.png,raster-fallback,yes,yes,generic,no,0eaba4a9c0804a60bdb4f37ffd1ee1d402bc0780e3849d71994e9f663160582c
SETTINGS,assets/raster_1x/icons/settings.png,raster-fallback,yes,yes,generic,no,61e75c82a4b4900cb0a1b71dd3a5bb2a2e75ff83f0482e9627c7bcaf1c88225d
SILENCE,assets/raster_1x/icons/silence.png,raster-fallback,yes,yes,generic,no,d3b9bd9c5fc2c92e8325e607ecf78ce94a2fbd7f4e78207bcaf719627c9c20b7
TAUNT,assets/raster_1x/icons/taunt.png,raster-fallback,yes,yes,generic,no,ebebc27a2963850961dbe19be117759fae93e92bcc7733554292a9483db2d842
VICTORY,assets/raster_1x/icons/victory.png,raster-fallback,yes,yes,generic,no,6d50d1e0f0b58f037e0e1d10d43d78b4e1ffd03b165a0b361a8e7b40b65fe92c
WARD,assets/raster_1x/icons/ward.png,raster-fallback,yes,yes,generic,no,54c2242555edd71e245adc7c38cb4c0d2c3cbbbe285766cc26efbefab7064216
ARCHIVE_PANEL_9SLICE,assets/raster_1x/ui/archive_panel_9slice.png,raster-fallback,yes,yes,generic,no,d860dcc1727a0db2616f747882632a88de600f8b4c7c2d9dc32b81d445864412
ARCHIVE_TAB,assets/raster_1x/ui/archive_tab.png,raster-fallback,yes,yes,generic,no,c44c8978dac18a393eb0de337754a50b357ed42f52c3a4a59b12dc092d6d8b31
BATTLE_REPORT_FRAME,assets/raster_1x/ui/battle_report_frame.png,raster-fallback,yes,yes,generic,no,5d10e5b100877c226e04aa6d67bcb429b21d73b147fc1626665d96a9bbe25539
BUTTON_STAMP_9SLICE,assets/raster_1x/ui/button_stamp_9slice.png,raster-fallback,yes,yes,generic,no,542f876f96a011713c791d1c3f0a471b41e208812efc5f7bc2c5a3ecc734c464
CHAIN_TAB,assets/raster_1x/ui/chain_tab.png,raster-fallback,yes,yes,generic,no,f18f8f3b3bbf86f5516cb616dbec956cc439251ad6f65e3465a070c03eb3693a
CHANT_PROGRESS,assets/raster_1x/ui/chant_progress.png,raster-fallback,yes,yes,generic,no,17f8faa65815e6e2e64699f475b21e09c9ebdf5468dcaac573073384cba29200
COUNTERFILED,assets/raster_1x/ui/counterfiled.png,raster-fallback,yes,yes,generic,no,576060e8f3fec50dce5a4bd8cd880ee110792554bad491912d4e31e88d1bd541
DAMAGE_CUT,assets/raster_1x/ui/damage_cut.png,raster-fallback,yes,yes,generic,no,3ce07a88b1caddf8ec651e42e4ffd1c2c770bb81bfd4355771a6d3f2e05a9dfe
DECK_ADD_STAMP,assets/raster_1x/ui/deck_add_stamp.png,raster-fallback,yes,yes,generic,no,f105a53e679ad5fb7a7ad5036ef45c7f3a5a81838cb806d38d483a90bd15b936
DECK_REMOVE_STAMP,assets/raster_1x/ui/deck_remove_stamp.png,raster-fallback,yes,yes,generic,no,b1c5d8fad010f0fdb381db365eeabdb351d7882c6c5ed66a61e485b6ef103ece
DIVIDER_RULE,assets/raster_1x/ui/divider_rule.png,raster-fallback,yes,yes,generic,no,52a6be7f129dc909782474881a43c49c25fa3e12d0f61a3df3196a7c6d8ab51f
DROP_INVALID,assets/raster_1x/ui/drop_invalid.png,raster-fallback,yes,yes,generic,no,958051b5736d5777c318f0babb19e2b9be5e01a704c406fb1a20c310e58a5d48
DROP_VALID,assets/raster_1x/ui/drop_valid.png,raster-fallback,yes,yes,generic,no,6cadef960cdb0f76c4c020dab5439db093781a621f0502c9426422d5ee0994fd
FOCUS_RING,assets/raster_1x/ui/focus_ring.png,raster-fallback,yes,yes,generic,no,cf5c17df1910ab8077ad171c743ae11b6f010079f1d70dc389929d203e2ce19e
FOLDER_SLIDE,assets/raster_1x/ui/folder_slide.png,raster-fallback,yes,yes,generic,no,0c8152c36666f90eadfa1fc160c5fda473666ed9bf0427f16f4cb181e15c04fd
GUARD_BLOCKED,assets/raster_1x/ui/guard_blocked.png,raster-fallback,yes,yes,generic,no,223b97ee2e7fabadd67bbe733956264a5a0ba80a80dea0ca4975283867b71c60
HEAL_REPAIR,assets/raster_1x/ui/heal_repair.png,raster-fallback,yes,yes,generic,no,88d4076accc8aeabbff9737f31fb14eaa40e5be17231440e615d434788580d90
ILLEGAL,assets/raster_1x/ui/illegal.png,raster-fallback,yes,yes,generic,no,4a44b5cf30d36ec2dc2ce7edad32f23fddb864c7f76cf9fb612be3ecc640acb5
INDEX_SHIFT,assets/raster_1x/ui/index_shift.png,raster-fallback,yes,yes,generic,no,59708cd64a636534b63eb556867b0f87cb4be09d0261485493ad9548c597bea1
KING_SLAYER,assets/raster_1x/ui/king_slayer.png,raster-fallback,yes,yes,generic,no,6ba687d70bb4be17af79f52fbb27471a64045ec1d3aee62cd57a5c0fce828b28
LEGAL,assets/raster_1x/ui/legal.png,raster-fallback,yes,yes,generic,no,c860f717d6383374415d9e4de3904de31638c61ae1680dcb264524e4ea6728e5
LOCKED,assets/raster_1x/ui/locked.png,raster-fallback,yes,yes,generic,no,464215492f2d51113481821e81d6e0f9822aad58bfc8ecb5ed9d3cbd99045ca3
NORMAL,assets/raster_1x/ui/normal.png,raster-fallback,yes,yes,generic,no,8aa273a50a36d6648dabeba7567e5080439aaf7cf5ed76aef326414e77dcc4a5
PAPER_REGISTER,assets/raster_1x/ui/paper_register.png,raster-fallback,yes,yes,generic,no,fdb615e898bb6d994e357a67b3ae540834ddc954161a6a693b8acf7c7738e223
PHASE_STAMP_FRAME,assets/raster_1x/ui/phase_stamp_frame.png,raster-fallback,yes,yes,generic,no,ed46110c714b13ef417a09bcc582993acee57c26270779252856a52c3d56f9f0
REDACTION_WIPE,assets/raster_1x/ui/redaction_wipe.png,raster-fallback,yes,yes,generic,no,9ef3008d3bf9f195bc7bfe8ad0a013de6b8c86ae70d0569fa1d8e75ed4cd3181
RESOLVE_PIN,assets/raster_1x/ui/resolve_pin.png,raster-fallback,yes,yes,generic,no,2965271ba05782e08f0642b915b1cca22e41b4f17ef7bff724ef90d8eb9ed3f5
RESULT_FRAME,assets/raster_1x/ui/result_frame.png,raster-fallback,yes,yes,generic,no,5ae9e986a5ee64bf62cf4426dba98d5214136e1f3e63b56e6927348abef00621
ROYAL_CASTLE_MASTER,assets/raster_1x/ui/royal_castle_master.png,raster-fallback,no,yes,generic,no,fd7c6b4cab7c631ae8e6b10ef81a8f345d82b5d314872a4b46a3635a4c3301cd
SEAL_BREAK,assets/raster_1x/ui/seal_break.png,raster-fallback,yes,yes,generic,no,dde7cd3267d9b74f13c2d3038b8faf6da4bd7606aaf4dfd902e6dd3ce7c0b09e
SEAL_BROKEN,assets/raster_1x/ui/seal_broken.png,raster-fallback,yes,yes,generic,no,0e8b61375f0add716fd2db5c4d3d473edf0ea3a6849150c039f95101816e5e22
SEAL_CLOSED,assets/raster_1x/ui/seal_closed.png,raster-fallback,yes,yes,generic,no,ad2230b4473047ea03e9aa1b76411a6f6735d8379ed8429571a05bf1a6782645
SEALED_SLIP,assets/raster_1x/ui/sealed_slip.png,raster-fallback,yes,yes,generic,no,2ad39657f7f899e35468b02a7a551b4625e2ff4c5671da77d8cc6af0092b680c
SELECTION_BAR,assets/raster_1x/ui/selection_bar.png,raster-fallback,yes,yes,generic,no,5e5448a09bb9823bf58881782ae15f062bb28f8be0f70847cc288321915ff231
SHIELD_STAMP,assets/raster_1x/ui/shield_stamp.png,raster-fallback,yes,yes,generic,no,311fbbcdc8fc1749225a11f9ec72216310a28bfaf544eef2d27c72341b642918
SILENCE_REDACTION,assets/raster_1x/ui/silence_redaction.png,raster-fallback,yes,yes,generic,no,8557a544eee66ae0cf26bec80c7acaaca221e96bde89f582d56a8e9d95a604c3
TICKET,assets/raster_1x/ui/ticket.png,raster-fallback,yes,yes,generic,no,94a98c63dffa6423902d9a3e616f0eb9e96b4924b68515e3bdce9987f22fe0f0
TOOLTIP_9SLICE,assets/raster_1x/ui/tooltip_9slice.png,raster-fallback,yes,yes,generic,no,6232194308b1b74048a411dc3b5e411207fcfaf0890722091db2ff3a363db077
VALIDATION_MARK,assets/raster_1x/ui/validation_mark.png,raster-fallback,yes,yes,generic,no,aa5d9469c6024953da3aa404179e2e874b66161f1d30b172e13388ceac8da12a
VICTORY_COUNT,assets/raster_1x/ui/victory_count.png,raster-fallback,yes,yes,generic,no,08813ebf7b70d77b52b32e3a1ade53e509e663bb3099e515709fee8d902435a7
AMBUSH,assets/raster_2x/card/ambush.png,raster-fallback,yes,yes,generic,no,b8ab12793662e87202f3a8a0fae1074d2c1fef25834b75a4c0893b8fa9d8f79f
AMBUSH_VOID,assets/raster_2x/card/ambush_void.png,raster-fallback,yes,yes,generic,no,6e2052e3b1ce47244260dadb9e5b82e058f61fd2db55b601e2b990ddf47ed52d
CARD_BACK_MASTER,assets/raster_2x/card/card_back_master.png,raster-fallback,no,yes,generic,no,cac6ff2d45a4fc262dc4cf9bece252625c87ccd4d27db25d8a2516d42b102b2b
CARD_FRONT_MASTER,assets/raster_2x/card/card_front_master.png,raster-fallback,no,yes,generic,no,a103965db0d19b5ac908ce991dcccbc24cfbba9cf1eec7e611919297c4aac562
CARD_SLOT,assets/raster_2x/card/card_slot.png,raster-fallback,yes,yes,generic,no,8940de3812b5d104ab36c6d7ec15b9781fb1e8bbd11e318d59b9086c411746ba
DESTROYED,assets/raster_2x/card/destroyed.png,raster-fallback,yes,yes,generic,no,7338422ec70512998343247394f94a31ad2371be7cae9a73efb28b6da43cfc3c
DISABLED,assets/raster_2x/card/disabled.png,raster-fallback,yes,yes,generic,no,263b88922bdbe7f392e464d582579d6a9729baa9b8b1d1a535454544f4c7a43b
HOVER,assets/raster_2x/card/hover.png,raster-fallback,yes,yes,generic,no,9c99850b60d3da3fc7f9f624a0b5544277b50e826a9dc07cb431c0fda44c9d4d
LEADER,assets/raster_2x/card/leader.png,raster-fallback,yes,yes,generic,no,15ad62711cd872570ed5d766049fbacd3805690ba3f3f841a400ae96a317deaf
LEADER_MANIFEST,assets/raster_2x/card/leader_manifest.png,raster-fallback,yes,yes,generic,no,5dfaa7ed79a195724a5c3195111112903ce2e6068e2669784330115cb36afdde
PUNISHMENT,assets/raster_2x/card/punishment.png,raster-fallback,yes,yes,generic,no,8f8d1535fd826bbf5a47087894b34c4e66ff2770744f8147e77d09fc6f46fefa
PUNISHMENT_INTRUSION,assets/raster_2x/card/punishment_intrusion.png,raster-fallback,yes,yes,generic,no,a4b0c508eace906bcade6621667990377b7594a410f04815a90059aff0e60c3f
SELECTED,assets/raster_2x/card/selected.png,raster-fallback,yes,yes,generic,no,ec37d205c215298c25e08ce0bf127c2ba83cebbd87015d32dc166579595c1d7c
SILENCED,assets/raster_2x/card/silenced.png,raster-fallback,yes,yes,generic,no,bf715af5a5367f6895c76e93f3c45faaa2fc6bc99f78761b05dc1b338d63de32
SPELL,assets/raster_2x/card/spell.png,raster-fallback,yes,yes,generic,no,5e7a59a3cc19e877e5553c4dff748adfe321f1c6a73ad877285c334dce5a5590
SPELL_DIAGONAL,assets/raster_2x/card/spell_diagonal.png,raster-fallback,yes,yes,generic,no,4878e4b13632677f59bf593146936815d36a5f5e7c71e28e1b323bacebffbf2a
UNIT,assets/raster_2x/card/unit.png,raster-fallback,yes,yes,generic,no,85cff677712c04c956f2a830bee85ed0e5895196502ea1979edc9e425e161d65
UNIT_BREAKOUT,assets/raster_2x/card/unit_breakout.png,raster-fallback,yes,yes,generic,no,369bc9238b74c87aa2700f2ccf9b273c69194e055b8f3db49f383a6a891a7e7b
FLAME_SEAL,assets/raster_2x/core/flame_seal.png,raster-fallback,yes,yes,generic,no,2a483b38e3e10674404bf9972166431830179241090c4a28241eecbc5e85ee87
FLAME_WEDGE,assets/raster_2x/core/flame_wedge.png,raster-fallback,yes,yes,generic,no,08f34e5a4101cccd022e3bbb910261d508baa10ca6882ecb95405a0435472ff4
MACHINE_SEAL,assets/raster_2x/core/machine_seal.png,raster-fallback,yes,yes,generic,no,f6114ca151b13001c328f433c27eec62dd62921c1c0b3b18f987423f0a143884
MACHINE_WEDGE,assets/raster_2x/core/machine_wedge.png,raster-fallback,yes,yes,generic,no,7d3d53c93c4443227070c4add904d519b8c7cc0c92d9f68a2b484a55ca192c9f
MISREGISTRATION_GRID,assets/raster_2x/core/misregistration_grid.png,raster-fallback,yes,yes,generic,no,2e8cf3db4497bfe61c3242a5c441c23fa3c65d6671af225da29ab36813f26929
NEUTRAL_SEAL,assets/raster_2x/core/neutral_seal.png,raster-fallback,yes,yes,generic,no,23c9e5ea7fb62ada93a934e1a64deaa77608b535d4e5412e33e96364fa483c10
NEUTRAL_WEDGE,assets/raster_2x/core/neutral_wedge.png,raster-fallback,yes,yes,generic,no,0f657d716738a3164155edafeaf5228e6100f1ecc4842805485456dc9e7df79f
SEA_SEAL,assets/raster_2x/core/sea_seal.png,raster-fallback,yes,yes,generic,no,1c86e5bf6969cfec68517e2b706b3a5b19f72914bae64a1a9cfa1ae7c213899a
SEA_WEDGE,assets/raster_2x/core/sea_wedge.png,raster-fallback,yes,yes,generic,no,5450c7a77652d8f7c76fdbc0a99dc66ff95f5800568b0147e4e4a46c7aa4717e
WOOD_SEAL,assets/raster_2x/core/wood_seal.png,raster-fallback,yes,yes,generic,no,2c3b212e496815c73f6bb00022f96e5bf2943dc1650cbb4fe8ecb911b475f9d0
WOOD_WEDGE,assets/raster_2x/core/wood_wedge.png,raster-fallback,yes,yes,generic,no,1c3df869d2ced35d56e957b8b4e025f550c798b3af2140896a8cdc59f78c6bd5
AMBUSH_FOCUS,assets/raster_2x/icons/ambush_focus.png,raster-fallback,yes,yes,generic,no,abeb90970a44c8023905fbe41b8651b0b2fb5ba8ec4507457ac3489956a72eca
AMBUSH_LOCKDOWN,assets/raster_2x/icons/ambush_lockdown.png,raster-fallback,yes,yes,generic,no,8cad19c4ef3767556401400cc57179de98bf09cd1c1b42b94f21e980570b1c95
AMBUSH_NORMAL,assets/raster_2x/icons/ambush_normal.png,raster-fallback,yes,yes,generic,no,628c0c0905cfef32bb8449ff086ddd59d38830f97664442ad75e99a8076934a5
BACK,assets/raster_2x/icons/back.png,raster-fallback,yes,yes,generic,no,d996cf52cd2d99b3a20809ac3ba2d8e8a3e2882f03af1be22cc62e0bd305cc14
CANCEL,assets/raster_2x/icons/cancel.png,raster-fallback,yes,yes,generic,no,70b4e2efa67fe9c2190693e0b1be5b0437ce0bc5184ccdf8d6358d2e70fa5242
CASTLE,assets/raster_2x/icons/castle.png,raster-fallback,yes,yes,generic,no,3b4c56b578a4b38ad487e500db1f7e34c3ed315e2a457eb6bc7eca334046cadf
CHANT,assets/raster_2x/icons/chant.png,raster-fallback,yes,yes,generic,no,77707bf8a3915e74feb06ce30fcded6014cb7c1cd38c23a04f238e0ee8c43220
CONFIRM,assets/raster_2x/icons/confirm.png,raster-fallback,yes,yes,generic,no,f8c64826cf7c451b046cc79e917dc8a6c7ec66f2c052eb257da6fa0de2f26566
CYCLE,assets/raster_2x/icons/cycle.png,raster-fallback,yes,yes,generic,no,739e78d7798e02e65640c3e80adc30a45492ce9f4ba262d3bf8d6ff8dee445a5
DECK,assets/raster_2x/icons/deck.png,raster-fallback,yes,yes,generic,no,d6518a0a265811f033dccd8b25e3c092178b0b5ac25c5ee749413a8f549ebf40
DESTROY,assets/raster_2x/icons/destroy.png,raster-fallback,yes,yes,generic,no,e16ef0fc86529221c92d19128ea07d50e00eac9a6519012b49c9e377ba7366e2
DISCARD,assets/raster_2x/icons/discard.png,raster-fallback,yes,yes,generic,no,67d1bd2f6b60810caa11d418c5f94bb0b253fcc08fc3c09c3a2b76c9d3276cd4
DRAW,assets/raster_2x/icons/draw.png,raster-fallback,yes,yes,generic,no,2a9b0b3822de1d3044f45980551815cfd981fbaa3fd494c57c07077c577d7123
DURABILITY,assets/raster_2x/icons/durability.png,raster-fallback,yes,yes,generic,no,7b9eb9e660e2e6ead70ff4d92b4e5d6ea430315f9f692879a98471fcedf801ec
GUARD,assets/raster_2x/icons/guard.png,raster-fallback,yes,yes,generic,no,ce23bcc4a0867aecf75750821201eee1fbc165807c02a91e49a55b865d67fa75
HEAL,assets/raster_2x/icons/heal.png,raster-fallback,yes,yes,generic,no,b87b8a067ff8a4ec0ed1666b79cab3058b3e3595846cba99a783f6b733aa9ad5
INFO,assets/raster_2x/icons/info.png,raster-fallback,yes,yes,generic,no,1520fc31f890e27a5728893dba30319703180387f4676b01cb90e49ff4ce23b9
KING_SLAYER,assets/raster_2x/icons/king_slayer.png,raster-fallback,yes,yes,generic,no,9110ca036764350d9b56546e3abda498294bd7bf2b09cad73c11cfae458ab1bd
LEADER,assets/raster_2x/icons/leader.png,raster-fallback,yes,yes,generic,no,0fd1d6fd022b212326760061bf6ddffb10e34ee8b55582f7445fcbdbdabf22ab
PAUSE,assets/raster_2x/icons/pause.png,raster-fallback,yes,yes,generic,no,219ba9b69cefa6302e302c1589154f69f85719bffbdbeba4086e8e197ab94c6f
PHASE_ACTION,assets/raster_2x/icons/phase_action.png,raster-fallback,yes,yes,generic,no,85f6b3c302b041a2de14abc17daf56b23b2af82ac28545ead4f9682e1c5ac26f
PHASE_AMBUSH,assets/raster_2x/icons/phase_ambush.png,raster-fallback,yes,yes,generic,no,1ed86d1425c90f59282ee4278af812282134d371a5283ee64626c5b4f8de0c28
PHASE_DISCARD,assets/raster_2x/icons/phase_discard.png,raster-fallback,yes,yes,generic,no,d57d0369d3a5560d8b1de69e61ef4452a82aa51347ce53b03b4ead9a37762011
PHASE_END,assets/raster_2x/icons/phase_end.png,raster-fallback,yes,yes,generic,no,111a251f232ba944cdf12a0a3e056944d8bd952a68131ea8ce074a287a6338ef
PHASE_START,assets/raster_2x/icons/phase_start.png,raster-fallback,yes,yes,generic,no,9066e9c13082a04767a19bb769c44633c2b44be1359533837aadd7b9e2cf7089
PLAY,assets/raster_2x/icons/play.png,raster-fallback,yes,yes,generic,no,7d0552870bf4b81b93c328b8afb5b20875b16a1739cdacccbb6ecd1ecaf55add
PUNISH,assets/raster_2x/icons/punish.png,raster-fallback,yes,yes,generic,no,c037a9f2b2c10537b77e993de730df7f538a5fc89fda27db28ab56891c40ab27
REMATCH,assets/raster_2x/icons/rematch.png,raster-fallback,yes,yes,generic,no,ef698491afe7f8b2209297d8d52c3f64f093b728c8a5be8eb3b0ff184c5c36bc
RULES,assets/raster_2x/icons/rules.png,raster-fallback,yes,yes,generic,no,f020aa223b7651cbd9025f6808513833ea6591dbedd22725029b4be7adada7e0
RUSH,assets/raster_2x/icons/rush.png,raster-fallback,yes,yes,generic,no,818dc12ddfa7eeddeebcb90578add1afb8e61752d599e99c590e5cfe7749d0a0
SETTINGS,assets/raster_2x/icons/settings.png,raster-fallback,yes,yes,generic,no,f13920975d9a5e0139fa1e872157b31dbc341304b48644d502b222c3f0e43612
SILENCE,assets/raster_2x/icons/silence.png,raster-fallback,yes,yes,generic,no,8834c0b5073e283142ce7df7d133d5ca2380fac9e043027f8aba3a0a52a6898e
TAUNT,assets/raster_2x/icons/taunt.png,raster-fallback,yes,yes,generic,no,ffcbc07e76169cabe75e7c2d2da37a3af585cc70e6fc80574c98d61a9062723b
VICTORY,assets/raster_2x/icons/victory.png,raster-fallback,yes,yes,generic,no,c3d8a3266c2d302be7b19344828a44b32efecbed92fdf528b11ba168b46074e4
WARD,assets/raster_2x/icons/ward.png,raster-fallback,yes,yes,generic,no,93d921351fb803698895094c51a6ff35486fb257a7eb47dc391b3085ce35559b
ARCHIVE_PANEL_9SLICE,assets/raster_2x/ui/archive_panel_9slice.png,raster-fallback,yes,yes,generic,no,0e436c0c53102d4ebe6691c522fb43e7b9a1971a6250435ee145fc60176171f7
ARCHIVE_TAB,assets/raster_2x/ui/archive_tab.png,raster-fallback,yes,yes,generic,no,0ddb270c3bbeb13652f87cc2466b1cb358765c8c625b61d4b86b94290cb41361
BATTLE_REPORT_FRAME,assets/raster_2x/ui/battle_report_frame.png,raster-fallback,yes,yes,generic,no,bcacd71dd51e73653b49a72dcf6d7de5a021cf570ac60496e81558f411c5f3ab
BUTTON_STAMP_9SLICE,assets/raster_2x/ui/button_stamp_9slice.png,raster-fallback,yes,yes,generic,no,6b927c8ad25b9e7032a68521de0befc9102fd9bcb2d24fcca6625849760fbe51
CHAIN_TAB,assets/raster_2x/ui/chain_tab.png,raster-fallback,yes,yes,generic,no,c37860acbb189e16e2b1e8d247c0db41c045f6d16cfea95e7bd9763cc90316e5
CHANT_PROGRESS,assets/raster_2x/ui/chant_progress.png,raster-fallback,yes,yes,generic,no,b508baaf360bfee3a54b80ff3b7bbfdb25c069e18d41ef461e289791f01be90d
COUNTERFILED,assets/raster_2x/ui/counterfiled.png,raster-fallback,yes,yes,generic,no,eafd3d7d395ad2d699bf24edf6434026445891c4427d05a7ed02c0c83480b522
DAMAGE_CUT,assets/raster_2x/ui/damage_cut.png,raster-fallback,yes,yes,generic,no,515c6c0843f2ede7f89455050a88a2e13b7dfb17f150fda124cbf01b26dfa274
DECK_ADD_STAMP,assets/raster_2x/ui/deck_add_stamp.png,raster-fallback,yes,yes,generic,no,a78a7bf4becd9b98af3d4f3ce19614a8a6ccfe97ff6f3bfbd01e9b27c5ef5fac
DECK_REMOVE_STAMP,assets/raster_2x/ui/deck_remove_stamp.png,raster-fallback,yes,yes,generic,no,7487da9e5d45897820fc6cfecc46c10b2e28a74201d6f575e6f2a12459e8efab
DIVIDER_RULE,assets/raster_2x/ui/divider_rule.png,raster-fallback,yes,yes,generic,no,f7cbbf93f74af8c29634065a2409045d998746ff65953d52eb34a90ec0b121be
DROP_INVALID,assets/raster_2x/ui/drop_invalid.png,raster-fallback,yes,yes,generic,no,2126894d88059d67615b6d677d7ce7231ca1c787ed3f4c5c8fba6bb18e561737
DROP_VALID,assets/raster_2x/ui/drop_valid.png,raster-fallback,yes,yes,generic,no,4f5123cc79ea56f6f810e73098d58d95c723ff90b903d2c2cdece29c0c4eaee4
FOCUS_RING,assets/raster_2x/ui/focus_ring.png,raster-fallback,yes,yes,generic,no,6e55bec6ea153df5bda5cac51e845767eeeba582cb31349e9c039e5806b39854
FOLDER_SLIDE,assets/raster_2x/ui/folder_slide.png,raster-fallback,yes,yes,generic,no,7eace337ffb3cffe2245ca2f499f8e5c03542bc1803ca83ffec2790810a170e3
GUARD_BLOCKED,assets/raster_2x/ui/guard_blocked.png,raster-fallback,yes,yes,generic,no,86d5d88a6c3ecd087819ddbc6889d9c0a1e7cee51cf697a7cf3a51061ba7d8be
HEAL_REPAIR,assets/raster_2x/ui/heal_repair.png,raster-fallback,yes,yes,generic,no,b4ea5034dfa177b623bf476ce177d101a1a16c72d25a04d1dd8161f61cbb2ef5
ILLEGAL,assets/raster_2x/ui/illegal.png,raster-fallback,yes,yes,generic,no,3167921f89a14b70408a4db315a9ae8c2f6a465939763ad9a3bd2bfb60886405
INDEX_SHIFT,assets/raster_2x/ui/index_shift.png,raster-fallback,yes,yes,generic,no,854e281a1f085f840d38fadb097cec91adb67c1db8a44b0269d610110c921e5f
KING_SLAYER,assets/raster_2x/ui/king_slayer.png,raster-fallback,yes,yes,generic,no,fec74ed75f48d5b6a0460c98c97b102848057c470a9f66212d0b0d8bc0e05731
LEGAL,assets/raster_2x/ui/legal.png,raster-fallback,yes,yes,generic,no,7b5fa5001614acabd3d80f5061297d933cf89e8c84a808a9bc48209f9121a200
LOCKED,assets/raster_2x/ui/locked.png,raster-fallback,yes,yes,generic,no,bad967e5f3961aa038797dd140a63aebf6af1e977bfc376a11fe37ca7eace02b
NORMAL,assets/raster_2x/ui/normal.png,raster-fallback,yes,yes,generic,no,bc8dfc9eff8759a4185ef47681275159354ed1f741960d7249d620c4ad1413f6
PAPER_REGISTER,assets/raster_2x/ui/paper_register.png,raster-fallback,yes,yes,generic,no,67937564f0c8c39003f07cacb4ff49f70157b0939b317e61590a406d613a06f1
PHASE_STAMP_FRAME,assets/raster_2x/ui/phase_stamp_frame.png,raster-fallback,yes,yes,generic,no,a32df4b647499ad6aa619f9eb7a9657c05ff8d6ab607763aba6b97656610576b
REDACTION_WIPE,assets/raster_2x/ui/redaction_wipe.png,raster-fallback,yes,yes,generic,no,334317982a30b130131725b21aab35314e2dd83fa383b651481f7cc132cac28a
RESOLVE_PIN,assets/raster_2x/ui/resolve_pin.png,raster-fallback,yes,yes,generic,no,ebd42ef8880b4083ca48b2da4191ef21cc3ab6927cff2c221bfcf565d873edf2
RESULT_FRAME,assets/raster_2x/ui/result_frame.png,raster-fallback,yes,yes,generic,no,6a103ccb695e6fffdca623ffb5087f2dbe04f0026ca3adf9a1f9802749d415f8
ROYAL_CASTLE_MASTER,assets/raster_2x/ui/royal_castle_master.png,raster-fallback,no,yes,generic,no,df9d63d287edebeda9ddac58e1687767104e60bea095e294ecc6da9d1c28e0f1
SEAL_BREAK,assets/raster_2x/ui/seal_break.png,raster-fallback,yes,yes,generic,no,18f6ac0728f178ed57e66b59e9f80892555bd88c7855090c25ece4917da83de9
SEAL_BROKEN,assets/raster_2x/ui/seal_broken.png,raster-fallback,yes,yes,generic,no,ca0a5b630dafb18aefc543206d87066a0ee113e95aafdd78208c152e04d48d6b
SEAL_CLOSED,assets/raster_2x/ui/seal_closed.png,raster-fallback,yes,yes,generic,no,70f9cf6e9b15726ee34f741b0d927fc47a558cbd5c6bf2e8a681ae1868cb51b2
SEALED_SLIP,assets/raster_2x/ui/sealed_slip.png,raster-fallback,yes,yes,generic,no,27378107cbde513ce5718d1433818c10bc2104bd5a1e80801f8a0a1edfa9e533
SELECTION_BAR,assets/raster_2x/ui/selection_bar.png,raster-fallback,yes,yes,generic,no,57b736a8d81a87a490865e6a29529d6900ae80f605b34411bc2cb8b0530f2aab
SHIELD_STAMP,assets/raster_2x/ui/shield_stamp.png,raster-fallback,yes,yes,generic,no,518cc59f817e18439b38352d10b1de25fcdb824d7185d51fe045904c11f0286e
SILENCE_REDACTION,assets/raster_2x/ui/silence_redaction.png,raster-fallback,yes,yes,generic,no,757aa21dcb1dd8527b601481d3cc14dfe2bc4a8be5b0645081f767e32995f29c
TICKET,assets/raster_2x/ui/ticket.png,raster-fallback,yes,yes,generic,no,747821b7c2ce621f60686358654840540c1ead9cdee67215b882f1a1b8b12e38
TOOLTIP_9SLICE,assets/raster_2x/ui/tooltip_9slice.png,raster-fallback,yes,yes,generic,no,5345256e71bd7c762ce584be4715df52cb773312213d86415ed2fc3a60e26ca4
VALIDATION_MARK,assets/raster_2x/ui/validation_mark.png,raster-fallback,yes,yes,generic,no,f3302e7ab612f3e82d5e5f9c1f2fac8873404e5775ff8a2dadcddae15b7fed02
VICTORY_COUNT,assets/raster_2x/ui/victory_count.png,raster-fallback,yes,yes,generic,no,afc1ab06abd6863d4ff8f35829b818429b8b2b46a16e26cd20941570a0915599
AMBUSH,assets/source_svg/card/ambush.svg,vector-source,yes,yes,generic,no,28441922a4ad4dc5c1d3caafc433377dfb0814038f8551dc9fd45e9b761588f5
AMBUSH_VOID,assets/source_svg/card/ambush_void.svg,vector-source,yes,yes,generic,no,8bd9bd7fcfe5c870f093317273893fde1b4022c8604173c002125d301ded69d8
CARD_BACK_MASTER,assets/source_svg/card/card_back_master.svg,vector-source,yes,yes,generic,no,902eb758ea02134f550395f53f728a1eae764792f1eb92760ba9b4591addf1f4
CARD_FRONT_MASTER,assets/source_svg/card/card_front_master.svg,vector-source,yes,yes,generic,no,38e65b4185726e19cb0e013f61f783dc8c6fa22ebe137fdddb985d887f89cf66
CARD_SLOT,assets/source_svg/card/card_slot.svg,vector-source,yes,yes,generic,no,f6de468a9046f0763018a8f657d92523adeaa6ae0a0571b3a1ebe42f56e40d85
DESTROYED,assets/source_svg/card/destroyed.svg,vector-source,yes,yes,generic,no,764aabb2515fa1045e9b19d1da67fc85ae04f9255b0e11ecd09ba345282c06f5
DISABLED,assets/source_svg/card/disabled.svg,vector-source,yes,yes,generic,no,0665b7e0216d32b98e666e524e4e65296e8c96f7ab62971f34c83ee6e8e4c7b2
HOVER,assets/source_svg/card/hover.svg,vector-source,yes,yes,generic,no,0a9dad14069072b73487d26352647338b717bbb525a929ff4b5c246ac7483252
LEADER,assets/source_svg/card/leader.svg,vector-source,yes,yes,generic,no,a2e442068ba9810e6d5058435f222c1b666318d503d8ab76d7581d39c3451fc6
LEADER_MANIFEST,assets/source_svg/card/leader_manifest.svg,vector-source,yes,yes,generic,no,a6d1bbb2cdbc6a1bbc8b1fa9eaeb318612bb851e3accae2fcb73180f2c5d55cf
PUNISHMENT,assets/source_svg/card/punishment.svg,vector-source,yes,yes,generic,no,01d86a24c2f73d8be880419972b5854680a4b251ea2e67ba053a326c9781f628
PUNISHMENT_INTRUSION,assets/source_svg/card/punishment_intrusion.svg,vector-source,yes,yes,generic,no,634bdc377f853547bce54de67ccf630b4f7c322e2ee2493320c2c0b0282cf883
SELECTED,assets/source_svg/card/selected.svg,vector-source,yes,yes,generic,no,213f1ff1526be0cd9be2531abb88e379b42de432ac086ee7715165bd538d6cd8
SILENCED,assets/source_svg/card/silenced.svg,vector-source,yes,yes,generic,no,e1b6e18330262bfa68ad216aeebd9ef472980f4e3914dc1ee2b775eb5244feaa
SPELL,assets/source_svg/card/spell.svg,vector-source,yes,yes,generic,no,1a92ec658802ecebc933d4a02634edc2ec9550840c6f26deda2985542fc02b4b
SPELL_DIAGONAL,assets/source_svg/card/spell_diagonal.svg,vector-source,yes,yes,generic,no,26bea1fd96cb81670c4343254d54a5afe9edba7838b94f6a3ba6d84306699ed1
UNIT,assets/source_svg/card/unit.svg,vector-source,yes,yes,generic,no,3d44679ee786d3879fd324a67229228879506c367c29fb69a0b67e0ad92a0662
UNIT_BREAKOUT,assets/source_svg/card/unit_breakout.svg,vector-source,yes,yes,generic,no,a631d0bbdda0cab34573963072071ff01e6201d04e9f1c0ada9ec5b72046346d
FLAME_SEAL,assets/source_svg/core/flame_seal.svg,vector-source,yes,yes,generic,no,98a3eb2d37a32669cdbc49fc15a0126caf3d9e7037623070d02414176a0d3c11
FLAME_WEDGE,assets/source_svg/core/flame_wedge.svg,vector-source,yes,yes,generic,no,61f48658289daee695e939173a1f58926ac32f9a66f570e230006fe7101e87dc
MACHINE_SEAL,assets/source_svg/core/machine_seal.svg,vector-source,yes,yes,generic,no,e8495ceb350d21eaeedb3c7803a5a9e3abaf16d1ddb2a39927e8586e0c222835
MACHINE_WEDGE,assets/source_svg/core/machine_wedge.svg,vector-source,yes,yes,generic,no,d287320629280b091aecf51b135f6a3651caa3074874c66c0f8a034cf5080de5
MISREGISTRATION_GRID,assets/source_svg/core/misregistration_grid.svg,vector-source,yes,yes,generic,no,ce6ac1a74333d824900b0825c1a2c4c08d342d139d4f3e44409e4d1e2c028eb2
NEUTRAL_SEAL,assets/source_svg/core/neutral_seal.svg,vector-source,yes,yes,generic,no,5dfc0ff77b3c5e7aa637c4cd85cd46797ba82760b85b6e0d371cb42bb8e80309
NEUTRAL_WEDGE,assets/source_svg/core/neutral_wedge.svg,vector-source,yes,yes,generic,no,02f7a838fb57f7b2bef97d4b85d6add6392029342887d6b17cd560abd2f8b161
SEA_SEAL,assets/source_svg/core/sea_seal.svg,vector-source,yes,yes,generic,no,a641b53cdcdaf981f98c945275aeeb9cff49060865ae9e9169a094c4e2fdb3a3
SEA_WEDGE,assets/source_svg/core/sea_wedge.svg,vector-source,yes,yes,generic,no,5a53db8e60277ed8d7706b3a096eb91f1ec97012ff8b9bebcb0bd55dc68e742e
WOOD_SEAL,assets/source_svg/core/wood_seal.svg,vector-source,yes,yes,generic,no,13bcf67c2608269f60b3521cb2c1e26b30addbacd9f7d3d836ad9434d6946c17
WOOD_WEDGE,assets/source_svg/core/wood_wedge.svg,vector-source,yes,yes,generic,no,a65d265a004028e790ddd396b154cf2e928b21956aa5747eb8ca7eb7f2148fbe
AMBUSH_FOCUS,assets/source_svg/icons/ambush_focus.svg,vector-source,yes,yes,generic,no,012f053275f4fb911551c8610535b827bd087d84fb58a7b735a9fce2fad85bca
AMBUSH_LOCKDOWN,assets/source_svg/icons/ambush_lockdown.svg,vector-source,yes,yes,generic,no,ef4ae672a6fcd746a3049bb461caf837c8a42387f9706cb46e0e2d5ea0555e4d
AMBUSH_NORMAL,assets/source_svg/icons/ambush_normal.svg,vector-source,yes,yes,generic,no,c3174ef62ec2648d0b2b4961d2289214413a048803b58fc9fdceb7f9be1c34db
BACK,assets/source_svg/icons/back.svg,vector-source,yes,yes,generic,no,f88886e10512020a46aa7744f8723bc4ec8603ec9083f8e3a017482b6e1547e7
CANCEL,assets/source_svg/icons/cancel.svg,vector-source,yes,yes,generic,no,fe014a972305148dad2e88608ec2aaae7cae75342606febeef5eef911329e6ae
CASTLE,assets/source_svg/icons/castle.svg,vector-source,yes,yes,generic,no,e98c50312a960ad7143e718caa023428e301bd544979ce9d8c1d193c51bafcb7
CHANT,assets/source_svg/icons/chant.svg,vector-source,yes,yes,generic,no,1f121754ac42080c31850b21f904239841c98585103d8405868bdb2815f46e47
CONFIRM,assets/source_svg/icons/confirm.svg,vector-source,yes,yes,generic,no,716d9175f9f543a2210e53e85d58d887f4e202b83ea03b0dc1a8dd34b4fa9c35
CYCLE,assets/source_svg/icons/cycle.svg,vector-source,yes,yes,generic,no,850ef6fc9d919cc675dbdd772d51c4929f9cdb18099d36e62cdb27b758b890ec
DECK,assets/source_svg/icons/deck.svg,vector-source,yes,yes,generic,no,da5c8a5a9437af54589ebcd6709a134bab555d1ac08aa2d5f2ddb5a2dafc8c95
DESTROY,assets/source_svg/icons/destroy.svg,vector-source,yes,yes,generic,no,93ceb4dec6df963ff5911c362aef732a9d42224aacfe33df57be6535962a884f
DISCARD,assets/source_svg/icons/discard.svg,vector-source,yes,yes,generic,no,34e880e7c87834825adbd3f2eac9f6f10eb6e95e8ddba79a789dc9e4ffb54803
DRAW,assets/source_svg/icons/draw.svg,vector-source,yes,yes,generic,no,8d0fbba2f99f64c6d7a8c184bb56044f63dffcdfd1bc4e3587738c6c02c100c0
DURABILITY,assets/source_svg/icons/durability.svg,vector-source,yes,yes,generic,no,9bf7a3cb214ea5dc61a8d17fce66afe6c8dbf0c2674df28e9c665ae8f0146dca
GUARD,assets/source_svg/icons/guard.svg,vector-source,yes,yes,generic,no,47c16c1eece879f9cf7059d866fa2f0ceb6d917a929b95afe6a31d14152fe891
HEAL,assets/source_svg/icons/heal.svg,vector-source,yes,yes,generic,no,e09784be16c40e04636b39830852d43fff8df43c4ec0547ecd1dc332d500aee2
INFO,assets/source_svg/icons/info.svg,vector-source,yes,yes,generic,no,4107a2f45c53d788cf43cf8b3ac7ab45072e777cdcef24e29fd19e8980a74632
KING_SLAYER,assets/source_svg/icons/king_slayer.svg,vector-source,yes,yes,generic,no,d236643215806bd7d91a7f7d8ecc70939fdeb8d9c31ed1d0a6ee31ff0aef9dac
LEADER,assets/source_svg/icons/leader.svg,vector-source,yes,yes,generic,no,e80c9edd52b8f482b599ccced2341fc1b3afac381c638711949f01429f18a52e
PAUSE,assets/source_svg/icons/pause.svg,vector-source,yes,yes,generic,no,14fd14df6128c2112b63cca7f7d0316afb1695998a0a42c0d788fb524d78a7ba
PHASE_ACTION,assets/source_svg/icons/phase_action.svg,vector-source,yes,yes,generic,no,8666603f079802ffd4eb431d6e689b1f2b22ede940ef52b4a9e3f59bec5747c2
PHASE_AMBUSH,assets/source_svg/icons/phase_ambush.svg,vector-source,yes,yes,generic,no,bf40f4550cf3322c52573b491cb559594c1755c0c2d7a60cc3e9e0c928163d5b
PHASE_DISCARD,assets/source_svg/icons/phase_discard.svg,vector-source,yes,yes,generic,no,ec181e1851e53a2fa377eab6369a295bbd3e4ca44ff65f2b8c889f2b7de06837
PHASE_END,assets/source_svg/icons/phase_end.svg,vector-source,yes,yes,generic,no,80781e6b122d66127f7baaa63dccf480b85d98322584a1d902b9cbb98d4ac1db
PHASE_START,assets/source_svg/icons/phase_start.svg,vector-source,yes,yes,generic,no,f55da7f38f023d8e6054ce1e07e9c5350dc0e1677dbb18a8120f387e42719bb4
PLAY,assets/source_svg/icons/play.svg,vector-source,yes,yes,generic,no,3d1fb4fd94eb0dc370a08b9c31014f477e8ce78aeea2915a303bf761f61a7c3c
PUNISH,assets/source_svg/icons/punish.svg,vector-source,yes,yes,generic,no,071758f223bb5e97ff514543aa6375f3430cc09100ed5c3b3150b0a4e087f042
REMATCH,assets/source_svg/icons/rematch.svg,vector-source,yes,yes,generic,no,a74391db46e5e7fc374059e68b9589d940c8f439c6634f27da8e7262f6208251
RULES,assets/source_svg/icons/rules.svg,vector-source,yes,yes,generic,no,15354b3afbff2dab6bacdcc65c88beb3646e611adbc51adc91e78b3d6f286625
RUSH,assets/source_svg/icons/rush.svg,vector-source,yes,yes,generic,no,75899944afbb31998d5b02d9f62722421e6aad95dcf2e34582e1580e2a5a0895
SETTINGS,assets/source_svg/icons/settings.svg,vector-source,yes,yes,generic,no,61aa59a5886447ffa546388623c86f7631ac98b91201d5886626700da8e87574
SILENCE,assets/source_svg/icons/silence.svg,vector-source,yes,yes,generic,no,79da91a2d3a7ce7e4fb2bc0d1f5c2ee4440e75059fd14cda856d7a4094d30305
TAUNT,assets/source_svg/icons/taunt.svg,vector-source,yes,yes,generic,no,e071b28f9dbe35b3fba916a88b7769d116745c21691d759c32e3f7348e9a6199
VICTORY,assets/source_svg/icons/victory.svg,vector-source,yes,yes,generic,no,9c3615d886a24ce9fdd79d6ea1ab16fb84540c12a28c0fde49458c416612df70
WARD,assets/source_svg/icons/ward.svg,vector-source,yes,yes,generic,no,25f805406b48182a7e22db9c08be8f10525f5af6608d67e6daa6310408c684bc
ARCHIVE_PANEL_9SLICE,assets/source_svg/ui/archive_panel_9slice.svg,vector-source,yes,yes,generic,no,9e2ca9627ac54caf684e860b551def21f2d67b806f9593caf9013f02a375b77f
ARCHIVE_TAB,assets/source_svg/ui/archive_tab.svg,vector-source,yes,yes,generic,no,2c2b1b5ce00a3fb3806d8c15e381915b331845d0d83949d7b724f73bb4003fc1
BATTLE_REPORT_FRAME,assets/source_svg/ui/battle_report_frame.svg,vector-source,yes,yes,generic,no,31ac805624adcd5beab36ffa7469b165ae20707c865590731b9565b1d720c4de
BUTTON_STAMP_9SLICE,assets/source_svg/ui/button_stamp_9slice.svg,vector-source,yes,yes,generic,no,ee00be2716f545d92ac4a7b2a7e933d5a987d57a87c6f1fe67354bd6de14280e
CHAIN_TAB,assets/source_svg/ui/chain_tab.svg,vector-source,yes,yes,generic,no,74d27f0aa35b1218b218ec2a2f7f3d9b1a67963ea55daf1e16fdea9bddc4b340
CHANT_PROGRESS,assets/source_svg/ui/chant_progress.svg,vector-source,yes,yes,generic,no,890a1c3d2cbe3abc176345400520eec523137fb5226803f718e8f6d2538a365e
COUNTERFILED,assets/source_svg/ui/counterfiled.svg,vector-source,yes,yes,generic,no,229440ed59d893236a78e2c6515f470b365563851d540b2cd0d29db16629e179
DAMAGE_CUT,assets/source_svg/ui/damage_cut.svg,vector-source,yes,yes,generic,no,c43b39e02f97b0bdd904825957872c25446987e59fc2a14aafb23460b3f4bd09
DECK_ADD_STAMP,assets/source_svg/ui/deck_add_stamp.svg,vector-source,yes,yes,generic,no,67b06875cb2b3572c530863bbdd4458246c973642e8666975348ecd25d8bd238
DECK_REMOVE_STAMP,assets/source_svg/ui/deck_remove_stamp.svg,vector-source,yes,yes,generic,no,5fc0dcf8260d5e9e42b7e9243a5b3d8bd6b24c805007754b8bbe40c89cf6b677
DIVIDER_RULE,assets/source_svg/ui/divider_rule.svg,vector-source,yes,yes,generic,no,977290c4a1314b0adbf540d2eab830a8385e62d462df821db94113f3ff49d916
DROP_INVALID,assets/source_svg/ui/drop_invalid.svg,vector-source,yes,yes,generic,no,c9abfbe1c528cd9e5e42b49a94d5260ed64e5d4fe0ecfddaec26578048af89a6
DROP_VALID,assets/source_svg/ui/drop_valid.svg,vector-source,yes,yes,generic,no,ed9954d7597f2c293e0853966764c9483e06e33820f14445fbfa9f150a8bb2b3
FOCUS_RING,assets/source_svg/ui/focus_ring.svg,vector-source,yes,yes,generic,no,f018abaaeba0ad56176549827990de28d3bf634bbd2f7255989dc3c9f1bf3a24
FOLDER_SLIDE,assets/source_svg/ui/folder_slide.svg,vector-source,yes,yes,generic,no,297246fd1ea51f84c93527b04fed8166b94b4208d92800f2f04a46eeac847e2d
GUARD_BLOCKED,assets/source_svg/ui/guard_blocked.svg,vector-source,yes,yes,generic,no,08bca85a7ab91b9037285740526f73a17484d77a4823364b94420200fc8bc482
HEAL_REPAIR,assets/source_svg/ui/heal_repair.svg,vector-source,yes,yes,generic,no,30e72f08502bb863cd9ec49fc62c0b3e206abffcd4272ed10238e08a2557d3ba
ILLEGAL,assets/source_svg/ui/illegal.svg,vector-source,yes,yes,generic,no,be829fde1381e1628da1bdf06305bead54b8ed933f2a6c3b031dd714ad9f2870
INDEX_SHIFT,assets/source_svg/ui/index_shift.svg,vector-source,yes,yes,generic,no,2de8a4d70c7560dcaee9b49aa349552667ea03d5d5a5c3afa10e5c898c133952
KING_SLAYER,assets/source_svg/ui/king_slayer.svg,vector-source,yes,yes,generic,no,3f4e5f2e32cf5c668c8f29d6901dc6dd17dd682a8b515dd4f5cb07839d242d47
LEGAL,assets/source_svg/ui/legal.svg,vector-source,yes,yes,generic,no,36f3a5f38afc56e4604ba3becaa590e31687d0b37346db12991ccc253842ac92
LOCKED,assets/source_svg/ui/locked.svg,vector-source,yes,yes,generic,no,05b41420138d55695e7eba0f23c822ced23b35c6bbc9d17e8b8d326c0634ad76
NORMAL,assets/source_svg/ui/normal.svg,vector-source,yes,yes,generic,no,db1bb151c635f8ce2bf6fbee27565a201f0a61e6c51567075506ca96c1572f73
PAPER_REGISTER,assets/source_svg/ui/paper_register.svg,vector-source,yes,yes,generic,no,9d3f1b9c652cbbeb2edaa0e719d9aeda7364f5b2ca33eea522597c069e90430e
PHASE_STAMP_FRAME,assets/source_svg/ui/phase_stamp_frame.svg,vector-source,yes,yes,generic,no,7df3a88f4ea53d21ce4f37650d6813c3238b839bcdcd1a617e4aea8de20c2517
REDACTION_WIPE,assets/source_svg/ui/redaction_wipe.svg,vector-source,yes,yes,generic,no,8a67a901fd5cd015c4c84883ccff92a3e6c58e38ca537d0b68dd10376089d666
RESOLVE_PIN,assets/source_svg/ui/resolve_pin.svg,vector-source,yes,yes,generic,no,10a50b8b854f36f75f9e204d954ddd5cf64bcdd803f97384b61530ec9eb7eb74
RESULT_FRAME,assets/source_svg/ui/result_frame.svg,vector-source,yes,yes,generic,no,8a6cc77dd7f7e25cde902e63240412ce2f9bf3961f668c3a2904c3e22295d5c8
ROYAL_CASTLE_MASTER,assets/source_svg/ui/royal_castle_master.svg,vector-source,yes,yes,generic,no,97cead214602bb32585c55a21ef1c0028f181193478e6b82a64a52617745187b
SEAL_BREAK,assets/source_svg/ui/seal_break.svg,vector-source,yes,yes,generic,no,89be74d020820c2f4a062f3109f4c7ad1a62c4af2d0d20d2dd8b9b4f3a3f38b2
SEAL_BROKEN,assets/source_svg/ui/seal_broken.svg,vector-source,yes,yes,generic,no,14add722f075a389bf2420abb879b0bf71cd9f45cf111b2d1466d0710ad1c22c
SEAL_CLOSED,assets/source_svg/ui/seal_closed.svg,vector-source,yes,yes,generic,no,67173a481f616324c67539c4a8588bb78db44549dcaf24d7f36168c4ac77612a
SEALED_SLIP,assets/source_svg/ui/sealed_slip.svg,vector-source,yes,yes,generic,no,2290975e92c2e94010df9eb901efe37b147b5f5d4f7c4fb30b9b527e29e13b2a
SELECTION_BAR,assets/source_svg/ui/selection_bar.svg,vector-source,yes,yes,generic,no,4daeb14591e94a560dcbfe18d5557f7c9e6e0545d4c85f6ac4ce1bb10f354b31
SHIELD_STAMP,assets/source_svg/ui/shield_stamp.svg,vector-source,yes,yes,generic,no,93571a5c9413161e3de568a46ba9a1cc343721844fb97dcb5af8e7011b7c3274
SILENCE_REDACTION,assets/source_svg/ui/silence_redaction.svg,vector-source,yes,yes,generic,no,09fb0648096f5e19912f319ad8863fd6ea51a34f652b909ad73e75185c63c4ee
TICKET,assets/source_svg/ui/ticket.svg,vector-source,yes,yes,generic,no,b5bd321923bd5360ee89901f0a24b48710172c63747b76c4aadc74d28da6e972
TOOLTIP_9SLICE,assets/source_svg/ui/tooltip_9slice.svg,vector-source,yes,yes,generic,no,99fcf408b2d860848382cee5d0589b611e5ecfc76bed1dadb8ce94f3f366da5d
VALIDATION_MARK,assets/source_svg/ui/validation_mark.svg,vector-source,yes,yes,generic,no,9923c27e1e22e0fa6fba20fd3be5b20de53d5060f0a638756163fb107f61841d
VICTORY_COUNT,assets/source_svg/ui/victory_count.svg,vector-source,yes,yes,generic,no,bddda646df3a8e0cc3f6f68c91763e0546f7c1f81fbc866e052695dbc3190c9d
HALFTONE_TILE_64,assets/textures/halftone_tile_64.png,texture,yes,yes,generic,no,cdf9eb0a3f32dba1d4105b4cd3a4f915d6eaabeb5c667c70102aeef56cf169fd
INK_SPECKLE_TILE_512,assets/textures/ink_speckle_tile_512.png,texture,yes,yes,generic,no,143105a771e0d708cb7c49547fb8ba2d713e6d859612375365007f4c8e4982a3
PAPER_NOISE_TILE_512,assets/textures/paper_noise_tile_512.png,texture,no,yes,generic,no,628a38958af6882f0dbc8098774d8c6d0a1c6c73027d45475bf8033ebfd5b7a5
