path,category,runtime_candidate,bytes,sha256
README_FIRST.md,README_FIRST.md,NO,750,b4b7f6fc5c694d3da978a2dbd868c9b6c40e626e0b9b4fc18bc9edfb912b3aab
assets/masks/castle_damage_0.png,assets,YES,3213,a01fcdc6ded02a26c4c44a29a1015c1b0c2902401bd153548879cb3d62526a1b
assets/masks/castle_damage_10.png,assets,YES,4044,483c469d99faeb96f980c1b7107bd850e2a983ae2d6f878098461649d63dcda5
assets/masks/castle_damage_25.png,assets,YES,3049,a4e46ae2862ac0a9da5f8be03c0f81428c89520982502fcb735b0c3e51aafc6f
assets/masks/castle_damage_50.png,assets,YES,2636,174eb28862e753c743178820fd0627c0486918639abc782d44d2d7b9aecdfc18
assets/masks/castle_damage_75.png,assets,YES,1127,68249b570f5b72ab2dc9531b0891c1c2b9d2fa033c9a5515dbca1c8871a64e9b
assets/raster_1x/card/ambush.png,assets,YES,2284,fdd42062ac0847bb89209b666343e97ead4633539e1fcbfc41ebdcc99d77d857
assets/raster_1x/card/ambush_void.png,assets,YES,1006,43628b4bf473319212d56dff12adcacc7917e63362071cb4aee6d507f05e914b
assets/raster_1x/card/card_back_master.png,assets,YES,15760,56f3d0a0dc0d290be6eabf13df7e87e7f742b77281cb4aa69ab29912cfdb47bf
assets/raster_1x/card/card_front_master.png,assets,YES,2150,844da9d82f4b3d50473a92ab80b6818c4a8cf962058c2fe10887ac5e23a1e02d
assets/raster_1x/card/card_slot.png,assets,YES,1479,efd74ac7451efd575b6055abe10f3a08cf04efc62b765d239bdb716399bbad53
assets/raster_1x/card/destroyed.png,assets,YES,9488,e741a343e72c0810071cb3b93d96b5e14a312c7fa580e01e82da864f9b4f2ed5
assets/raster_1x/card/disabled.png,assets,YES,8185,692f3805449951fdfa89c98dd1793b34f07ac4b9c359d1abedf88b9b6a9f8c78
assets/raster_1x/card/hover.png,assets,YES,1246,129e2f9f5d1f0989859e4f34da4f18322abec1047fafa96922c8aeba2bfaf731
assets/raster_1x/card/leader.png,assets,YES,360,a9fb99bec5c89bf7c04229eefabe7efa064de083801290cb91cf314e61d1fbad
assets/raster_1x/card/leader_manifest.png,assets,YES,1428,cb82959040b668466394c02a5f2b3d9bf3a78249db1157c7fbf438284232d888
assets/raster_1x/card/punishment.png,assets,YES,3626,7a0ae0f89734623b6047d0df6c1ea4c36a6f32e8c54cb6bd73dd37d3e6837215
assets/raster_1x/card/punishment_intrusion.png,assets,YES,1643,b428f3f542ac7513ed1684e83517c6a0c40b7d80b08298e49b337305ece8e948
assets/raster_1x/card/selected.png,assets,YES,3631,862e5e735e26fcc46792dc544076bb3b5ea5d119bc7786d51e5717c8af0439e3
assets/raster_1x/card/silenced.png,assets,YES,732,e4e2fe0219a2ab52231be1c47901d87e591b763f488f31674a02d2f5e7e6d170
assets/raster_1x/card/spell.png,assets,YES,1688,324e367e49de582530285a3fc6ca43e969d476f21884409d8126605f8c01fb7e
assets/raster_1x/card/spell_diagonal.png,assets,YES,1212,5b610b08f455fa6afc25941933ac60e3bc26069bf77d4183a6ce6021663b0eb5
assets/raster_1x/card/unit.png,assets,YES,2588,827149db3ffc269e00be6fe9d21d8ee49a7177a45bae801f660ecffef32d57aa
assets/raster_1x/card/unit_breakout.png,assets,YES,1623,0bb41971c4c057c9bb3443f2dd283217a6bc21289697c3626caf1b43065eb432
assets/raster_1x/core/flame_seal.png,assets,YES,3896,863af4a51297921e3b3ae9999511bf12e9d3a7a748c77ab0348263c78dbbd491
assets/raster_1x/core/flame_wedge.png,assets,YES,1324,6ef826555dd430cdb1dfb5b1cd814c01ae42fbaec894f2d4b89f1ae245a266e2
assets/raster_1x/core/machine_seal.png,assets,YES,3409,3a6aa002d95b2273ffbf79cf6fda4261ae9b651f389c8609ed544eff1cb9cb26
assets/raster_1x/core/machine_wedge.png,assets,YES,1324,3440df4c2db8442eb69097a23fd89680cd6cb60f00e81c0dc98e71c36661969c
assets/raster_1x/core/misregistration_grid.png,assets,YES,2625,fc8304ef3f8da8b9066797b74ea1281ecd820f9a9d5c9d312fdf0242b21ab81e
assets/raster_1x/core/neutral_seal.png,assets,YES,4181,475531cf96b7adcc964d4340b7ce403886d84969ae83cd7bfb5814cbc95608c6
assets/raster_1x/core/neutral_wedge.png,assets,YES,1444,7974b170d0aeb357f110eb75270a079a4400a59e91cf15759b492380ca715bb6
assets/raster_1x/core/sea_seal.png,assets,YES,5208,4af97c4170eee874c2826d0bc681430bb5a32050241975b8646880611d56f1d9
assets/raster_1x/core/sea_wedge.png,assets,YES,1426,3a3d704df41a87e8d30da2a07d7349e2a6be2c2879d84ea526212f645ddf59f4
assets/raster_1x/core/wood_seal.png,assets,YES,4142,dc7338877b8e44db2d9f8da375272467513845eff611bbbf94b84fd0411e457d
assets/raster_1x/core/wood_wedge.png,assets,YES,1428,9f8041dc3d1eeb5e3c1ec988ecbc968c388fbc3cb5b9396fa11521b890573764
assets/raster_1x/icons/ambush_focus.png,assets,YES,3639,5d29ecdf56229219633d2a0620d202ab170820b63b8ceae5b36863074afa8210
assets/raster_1x/icons/ambush_lockdown.png,assets,YES,1835,40057605b6f5cd5466ed5358da10527eee56c53452f09d541159a20b169d25c9
assets/raster_1x/icons/ambush_normal.png,assets,YES,2260,f6f866ac244394823accf719927cd3e73de8b5ef7eb7d39b68ed8dfcdd3683f6
assets/raster_1x/icons/back.png,assets,YES,1551,76bdb7094ce0e783fd882cd15dcde9bd92c342a0ef8d58a53e4ceee9b5cf9ecb
assets/raster_1x/icons/cancel.png,assets,YES,1017,79b621b16cd77d4f30aee9e9fbcbbd48ce4469cf3faeecf700584cf1dd62c1a9
assets/raster_1x/icons/castle.png,assets,YES,348,906c72f0478c7bf84114b8d08603f5be3b95d721fb16bb2b1fe79bf9d836e2d0
assets/raster_1x/icons/chant.png,assets,YES,1897,7de6a7a6e029239c7fdd60567b0b155bf2b2d0c99d9c827b2e2512da7bbb41a5
assets/raster_1x/icons/confirm.png,assets,YES,1416,f2898877b48a2080b98d4bff1dd9b9e3f69aafc2c31fa924768be02946491986
assets/raster_1x/icons/cycle.png,assets,YES,2882,5b644338f0e8733b7ecde0cce25935ebdfc36924171d81519acc83cfd0a26ea6
assets/raster_1x/icons/deck.png,assets,YES,2139,b2f4486cee7e186b0b76e6fa4f40233cf449e8393bf3262d5c6fc89d9f39bc16
assets/raster_1x/icons/destroy.png,assets,YES,2455,f48d6d0981222e145460636bab08901906184f388988f53690d7841f01c39b18
assets/raster_1x/icons/discard.png,assets,YES,658,0bd5adf04341572c2274b359c1a7c6029824cb8920e9fa03b3710d3347c0343c
assets/raster_1x/icons/draw.png,assets,YES,364,ad23de078c23484bbef7378074e0d3530f65b074ded4e508d68dcd0d3cbda3d9
assets/raster_1x/icons/durability.png,assets,YES,343,98d63cfeefd061acf0615242d5e31efd70c3e37c7184e360815f4901c04a86d8
assets/raster_1x/icons/guard.png,assets,YES,2164,a8f5530e0416c0251ac9b358da7759b516ee0a8c23bc8c1efc2887a57feb913d
assets/raster_1x/icons/heal.png,assets,YES,358,f02a7fb144bafa6abe620db6e21ce9c9c969965f6bc63b9d8086ad35ba6a2049
assets/raster_1x/icons/info.png,assets,YES,2970,64c83c4e4202dcdb1a491ba20c85d680f350856c6e1191e884a7095bf0dd2253
assets/raster_1x/icons/king_slayer.png,assets,YES,2379,9edb5ff5a18003a113640b10cccb4590602160d7fbf64cfe8c5568333a266046
assets/raster_1x/icons/leader.png,assets,YES,2469,cdc79563bac5cb8baa000bad9fe6976d35fb9f7d943a28c59f04ae30ee60540b
assets/raster_1x/icons/pause.png,assets,YES,264,f2922907323e39349304e715d5b93e7c5d930e835015c2d660a4e1d86ad82a77
assets/raster_1x/icons/phase_action.png,assets,YES,800,e08dda442ea772fdbcb988e8ab38aecbf063a583c1da98b1b8ed8ceb4417a4ae
assets/raster_1x/icons/phase_ambush.png,assets,YES,2245,18a0a60bb9bf6fca803ea7073aa47aeb067c6fd65044d926950a683a92000924
assets/raster_1x/icons/phase_discard.png,assets,YES,1098,55c11703331e47506eb4d5bd94513076ca2877c74614b82fef9e1c4cf886044e
assets/raster_1x/icons/phase_end.png,assets,YES,460,7f294e54b0395b8e994d0c544b62c180e5eb725123dae25ed00b7403635a3b1c
assets/raster_1x/icons/phase_start.png,assets,YES,2180,086e74f27e76e2dab38039feccda93b36cd0731570b9fbfd94d7f8c361b4c2e0
assets/raster_1x/icons/play.png,assets,YES,1141,a6de8301f0b6ae24f9af715e47feaa607dd88647d6b0a13df6e278a5c1211fd9
assets/raster_1x/icons/punish.png,assets,YES,4455,24ddc24355a35f60ecab7b97fa0752b91c811f4b330119301163a37658e6c57f
assets/raster_1x/icons/rematch.png,assets,YES,2439,9dec5d80fab15aae4705ed6427844d00756f4c65fab90e697737eacab0ecd3ae
assets/raster_1x/icons/rules.png,assets,YES,664,6b7611917d5a68d3ab44a282a857706c3109f335bf2f8c4209ce3aabb597cef9
assets/raster_1x/icons/rush.png,assets,YES,2072,0eaba4a9c0804a60bdb4f37ffd1ee1d402bc0780e3849d71994e9f663160582c
assets/raster_1x/icons/settings.png,assets,YES,2054,61e75c82a4b4900cb0a1b71dd3a5bb2a2e75ff83f0482e9627c7bcaf1c88225d
assets/raster_1x/icons/silence.png,assets,YES,1897,d3b9bd9c5fc2c92e8325e607ecf78ce94a2fbd7f4e78207bcaf719627c9c20b7
assets/raster_1x/icons/taunt.png,assets,YES,636,ebebc27a2963850961dbe19be117759fae93e92bcc7733554292a9483db2d842
assets/raster_1x/icons/victory.png,assets,YES,1457,6d50d1e0f0b58f037e0e1d10d43d78b4e1ffd03b165a0b361a8e7b40b65fe92c
assets/raster_1x/icons/ward.png,assets,YES,4153,54c2242555edd71e245adc7c38cb4c0d2c3cbbbe285766cc26efbefab7064216
assets/raster_1x/ui/archive_panel_9slice.png,assets,YES,1033,d860dcc1727a0db2616f747882632a88de600f8b4c7c2d9dc32b81d445864412
assets/raster_1x/ui/archive_tab.png,assets,YES,552,c44c8978dac18a393eb0de337754a50b357ed42f52c3a4a59b12dc092d6d8b31
assets/raster_1x/ui/battle_report_frame.png,assets,YES,1794,5d10e5b100877c226e04aa6d67bcb429b21d73b147fc1626665d96a9bbe25539
assets/raster_1x/ui/button_stamp_9slice.png,assets,YES,1160,542f876f96a011713c791d1c3f0a471b41e208812efc5f7bc2c5a3ecc734c464
assets/raster_1x/ui/chain_tab.png,assets,YES,527,f18f8f3b3bbf86f5516cb616dbec956cc439251ad6f65e3465a070c03eb3693a
assets/raster_1x/ui/chant_progress.png,assets,YES,12156,17f8faa65815e6e2e64699f475b21e09c9ebdf5468dcaac573073384cba29200
assets/raster_1x/ui/counterfiled.png,assets,YES,7059,576060e8f3fec50dce5a4bd8cd880ee110792554bad491912d4e31e88d1bd541
assets/raster_1x/ui/damage_cut.png,assets,YES,4169,3ce07a88b1caddf8ec651e42e4ffd1c2c770bb81bfd4355771a6d3f2e05a9dfe
assets/raster_1x/ui/deck_add_stamp.png,assets,YES,2789,f105a53e679ad5fb7a7ad5036ef45c7f3a5a81838cb806d38d483a90bd15b936
assets/raster_1x/ui/deck_remove_stamp.png,assets,YES,2820,b1c5d8fad010f0fdb381db365eeabdb351d7882c6c5ed66a61e485b6ef103ece
assets/raster_1x/ui/divider_rule.png,assets,YES,171,52a6be7f129dc909782474881a43c49c25fa3e12d0f61a3df3196a7c6d8ab51f
assets/raster_1x/ui/drop_invalid.png,assets,YES,1304,958051b5736d5777c318f0babb19e2b9be5e01a704c406fb1a20c310e58a5d48
assets/raster_1x/ui/drop_valid.png,assets,YES,2171,6cadef960cdb0f76c4c020dab5439db093781a621f0502c9426422d5ee0994fd
assets/raster_1x/ui/focus_ring.png,assets,YES,625,cf5c17df1910ab8077ad171c743ae11b6f010079f1d70dc389929d203e2ce19e
assets/raster_1x/ui/folder_slide.png,assets,YES,1539,0c8152c36666f90eadfa1fc160c5fda473666ed9bf0427f16f4cb181e15c04fd
assets/raster_1x/ui/guard_blocked.png,assets,YES,3960,223b97ee2e7fabadd67bbe733956264a5a0ba80a80dea0ca4975283867b71c60
assets/raster_1x/ui/heal_repair.png,assets,YES,5030,88d4076accc8aeabbff9737f31fb14eaa40e5be17231440e615d434788580d90
assets/raster_1x/ui/illegal.png,assets,YES,3425,4a44b5cf30d36ec2dc2ce7edad32f23fddb864c7f76cf9fb612be3ecc640acb5
assets/raster_1x/ui/index_shift.png,assets,YES,744,59708cd64a636534b63eb556867b0f87cb4be09d0261485493ad9548c597bea1
assets/raster_1x/ui/king_slayer.png,assets,YES,3405,6ba687d70bb4be17af79f52fbb27471a64045ec1d3aee62cd57a5c0fce828b28
assets/raster_1x/ui/legal.png,assets,YES,3431,c860f717d6383374415d9e4de3904de31638c61ae1680dcb264524e4ea6728e5
assets/raster_1x/ui/locked.png,assets,YES,3434,464215492f2d51113481821e81d6e0f9822aad58bfc8ecb5ed9d3cbd99045ca3
assets/raster_1x/ui/normal.png,assets,YES,3225,8aa273a50a36d6648dabeba7567e5080439aaf7cf5ed76aef326414e77dcc4a5
assets/raster_1x/ui/paper_register.png,assets,YES,1841,fdb615e898bb6d994e357a67b3ae540834ddc954161a6a693b8acf7c7738e223
assets/raster_1x/ui/phase_stamp_frame.png,assets,YES,1035,ed46110c714b13ef417a09bcc582993acee57c26270779252856a52c3d56f9f0
assets/raster_1x/ui/redaction_wipe.png,assets,YES,3116,9ef3008d3bf9f195bc7bfe8ad0a013de6b8c86ae70d0569fa1d8e75ed4cd3181
assets/raster_1x/ui/resolve_pin.png,assets,YES,1680,2965271ba05782e08f0642b915b1cca22e41b4f17ef7bff724ef90d8eb9ed3f5
assets/raster_1x/ui/result_frame.png,assets,YES,7449,5ae9e986a5ee64bf62cf4426dba98d5214136e1f3e63b56e6927348abef00621
assets/raster_1x/ui/royal_castle_master.png,assets,YES,18834,fd7c6b4cab7c631ae8e6b10ef81a8f345d82b5d314872a4b46a3635a4c3301cd
assets/raster_1x/ui/seal_break.png,assets,YES,5308,dde7cd3267d9b74f13c2d3038b8faf6da4bd7606aaf4dfd902e6dd3ce7c0b09e
assets/raster_1x/ui/seal_broken.png,assets,YES,3196,0e8b61375f0add716fd2db5c4d3d473edf0ea3a6849150c039f95101816e5e22
assets/raster_1x/ui/seal_closed.png,assets,YES,4004,ad2230b4473047ea03e9aa1b76411a6f6735d8379ed8429571a05bf1a6782645
assets/raster_1x/ui/sealed_slip.png,assets,YES,2078,2ad39657f7f899e35468b02a7a551b4625e2ff4c5671da77d8cc6af0092b680c
assets/raster_1x/ui/selection_bar.png,assets,YES,393,5e5448a09bb9823bf58881782ae15f062bb28f8be0f70847cc288321915ff231
assets/raster_1x/ui/shield_stamp.png,assets,YES,8068,311fbbcdc8fc1749225a11f9ec72216310a28bfaf544eef2d27c72341b642918
assets/raster_1x/ui/silence_redaction.png,assets,YES,4885,8557a544eee66ae0cf26bec80c7acaaca221e96bde89f582d56a8e9d95a604c3
assets/raster_1x/ui/ticket.png,assets,YES,1065,94a98c63dffa6423902d9a3e616f0eb9e96b4924b68515e3bdce9987f22fe0f0
assets/raster_1x/ui/tooltip_9slice.png,assets,YES,1039,6232194308b1b74048a411dc3b5e411207fcfaf0890722091db2ff3a363db077
assets/raster_1x/ui/validation_mark.png,assets,YES,1426,aa5d9469c6024953da3aa404179e2e874b66161f1d30b172e13388ceac8da12a
assets/raster_1x/ui/victory_count.png,assets,YES,616,08813ebf7b70d77b52b32e3a1ade53e509e663bb3099e515709fee8d902435a7
assets/raster_2x/card/ambush.png,assets,YES,4775,b8ab12793662e87202f3a8a0fae1074d2c1fef25834b75a4c0893b8fa9d8f79f
assets/raster_2x/card/ambush_void.png,assets,YES,2794,6e2052e3b1ce47244260dadb9e5b82e058f61fd2db55b601e2b990ddf47ed52d
assets/raster_2x/card/card_back_master.png,assets,YES,34361,cac6ff2d45a4fc262dc4cf9bece252625c87ccd4d27db25d8a2516d42b102b2b
assets/raster_2x/card/card_front_master.png,assets,YES,4160,a103965db0d19b5ac908ce991dcccbc24cfbba9cf1eec7e611919297c4aac562
assets/raster_2x/card/card_slot.png,assets,YES,3873,8940de3812b5d104ab36c6d7ec15b9781fb1e8bbd11e318d59b9086c411746ba
assets/raster_2x/card/destroyed.png,assets,YES,35178,7338422ec70512998343247394f94a31ad2371be7cae9a73efb28b6da43cfc3c
assets/raster_2x/card/disabled.png,assets,YES,17825,263b88922bdbe7f392e464d582579d6a9729baa9b8b1d1a535454544f4c7a43b
assets/raster_2x/card/hover.png,assets,YES,3471,9c99850b60d3da3fc7f9f624a0b5544277b50e826a9dc07cb431c0fda44c9d4d
assets/raster_2x/card/leader.png,assets,YES,605,15ad62711cd872570ed5d766049fbacd3805690ba3f3f841a400ae96a317deaf
assets/raster_2x/card/leader_manifest.png,assets,YES,3573,5dfaa7ed79a195724a5c3195111112903ce2e6068e2669784330115cb36afdde
assets/raster_2x/card/punishment.png,assets,YES,7329,8f8d1535fd826bbf5a47087894b34c4e66ff2770744f8147e77d09fc6f46fefa
assets/raster_2x/card/punishment_intrusion.png,assets,YES,4131,a4b0c508eace906bcade6621667990377b7594a410f04815a90059aff0e60c3f
assets/raster_2x/card/selected.png,assets,YES,7965,ec37d205c215298c25e08ce0bf127c2ba83cebbd87015d32dc166579595c1d7c
assets/raster_2x/card/silenced.png,assets,YES,2142,bf715af5a5367f6895c76e93f3c45faaa2fc6bc99f78761b05dc1b338d63de32
assets/raster_2x/card/spell.png,assets,YES,2812,5e7a59a3cc19e877e5553c4dff748adfe321f1c6a73ad877285c334dce5a5590
assets/raster_2x/card/spell_diagonal.png,assets,YES,3105,4878e4b13632677f59bf593146936815d36a5f5e7c71e28e1b323bacebffbf2a
assets/raster_2x/card/unit.png,assets,YES,5449,85cff677712c04c956f2a830bee85ed0e5895196502ea1979edc9e425e161d65
assets/raster_2x/card/unit_breakout.png,assets,YES,4020,369bc9238b74c87aa2700f2ccf9b273c69194e055b8f3db49f383a6a891a7e7b
assets/raster_2x/core/flame_seal.png,assets,YES,7996,2a483b38e3e10674404bf9972166431830179241090c4a28241eecbc5e85ee87
assets/raster_2x/core/flame_wedge.png,assets,YES,2226,08f34e5a4101cccd022e3bbb910261d508baa10ca6882ecb95405a0435472ff4
assets/raster_2x/core/machine_seal.png,assets,YES,6404,f6114ca151b13001c328f433c27eec62dd62921c1c0b3b18f987423f0a143884
assets/raster_2x/core/machine_wedge.png,assets,YES,2224,7d3d53c93c4443227070c4add904d519b8c7cc0c92d9f68a2b484a55ca192c9f
assets/raster_2x/core/misregistration_grid.png,assets,YES,6116,2e8cf3db4497bfe61c3242a5c441c23fa3c65d6671af225da29ab36813f26929
assets/raster_2x/core/neutral_seal.png,assets,YES,8847,23c9e5ea7fb62ada93a934e1a64deaa77608b535d4e5412e33e96364fa483c10
assets/raster_2x/core/neutral_wedge.png,assets,YES,2376,0f657d716738a3164155edafeaf5228e6100f1ecc4842805485456dc9e7df79f
assets/raster_2x/core/sea_seal.png,assets,YES,10571,1c86e5bf6969cfec68517e2b706b3a5b19f72914bae64a1a9cfa1ae7c213899a
assets/raster_2x/core/sea_wedge.png,assets,YES,2355,5450c7a77652d8f7c76fdbc0a99dc66ff95f5800568b0147e4e4a46c7aa4717e
assets/raster_2x/core/wood_seal.png,assets,YES,7959,2c3b212e496815c73f6bb00022f96e5bf2943dc1650cbb4fe8ecb911b475f9d0
assets/raster_2x/core/wood_wedge.png,assets,YES,2356,1c3df869d2ced35d56e957b8b4e025f550c798b3af2140896a8cdc59f78c6bd5
assets/raster_2x/icons/ambush_focus.png,assets,YES,7578,abeb90970a44c8023905fbe41b8651b0b2fb5ba8ec4507457ac3489956a72eca
assets/raster_2x/icons/ambush_lockdown.png,assets,YES,3463,8cad19c4ef3767556401400cc57179de98bf09cd1c1b42b94f21e980570b1c95
assets/raster_2x/icons/ambush_normal.png,assets,YES,4881,628c0c0905cfef32bb8449ff086ddd59d38830f97664442ad75e99a8076934a5
assets/raster_2x/icons/back.png,assets,YES,2472,d996cf52cd2d99b3a20809ac3ba2d8e8a3e2882f03af1be22cc62e0bd305cc14
assets/raster_2x/icons/cancel.png,assets,YES,1719,70b4e2efa67fe9c2190693e0b1be5b0437ce0bc5184ccdf8d6358d2e70fa5242
assets/raster_2x/icons/castle.png,assets,YES,590,3b4c56b578a4b38ad487e500db1f7e34c3ed315e2a457eb6bc7eca334046cadf
assets/raster_2x/icons/chant.png,assets,YES,3839,77707bf8a3915e74feb06ce30fcded6014cb7c1cd38c23a04f238e0ee8c43220
assets/raster_2x/icons/confirm.png,assets,YES,2268,f8c64826cf7c451b046cc79e917dc8a6c7ec66f2c052eb257da6fa0de2f26566
assets/raster_2x/icons/cycle.png,assets,YES,5875,739e78d7798e02e65640c3e80adc30a45492ce9f4ba262d3bf8d6ff8dee445a5
assets/raster_2x/icons/deck.png,assets,YES,3903,d6518a0a265811f033dccd8b25e3c092178b0b5ac25c5ee749413a8f549ebf40
assets/raster_2x/icons/destroy.png,assets,YES,5110,e16ef0fc86529221c92d19128ea07d50e00eac9a6519012b49c9e377ba7366e2
assets/raster_2x/icons/discard.png,assets,YES,1189,67d1bd2f6b60810caa11d418c5f94bb0b253fcc08fc3c09c3a2b76c9d3276cd4
assets/raster_2x/icons/draw.png,assets,YES,609,2a9b0b3822de1d3044f45980551815cfd981fbaa3fd494c57c07077c577d7123
assets/raster_2x/icons/durability.png,assets,YES,583,7b9eb9e660e2e6ead70ff4d92b4e5d6ea430315f9f692879a98471fcedf801ec
assets/raster_2x/icons/guard.png,assets,YES,4293,ce23bcc4a0867aecf75750821201eee1fbc165807c02a91e49a55b865d67fa75
assets/raster_2x/icons/heal.png,assets,YES,600,b87b8a067ff8a4ec0ed1666b79cab3058b3e3595846cba99a783f6b733aa9ad5
assets/raster_2x/icons/info.png,assets,YES,6238,1520fc31f890e27a5728893dba30319703180387f4676b01cb90e49ff4ce23b9
assets/raster_2x/icons/king_slayer.png,assets,YES,4531,9110ca036764350d9b56546e3abda498294bd7bf2b09cad73c11cfae458ab1bd
assets/raster_2x/icons/leader.png,assets,YES,5174,0fd1d6fd022b212326760061bf6ddffb10e34ee8b55582f7445fcbdbdabf22ab
assets/raster_2x/icons/pause.png,assets,YES,468,219ba9b69cefa6302e302c1589154f69f85719bffbdbeba4086e8e197ab94c6f
assets/raster_2x/icons/phase_action.png,assets,YES,1552,85f6b3c302b041a2de14abc17daf56b23b2af82ac28545ead4f9682e1c5ac26f
assets/raster_2x/icons/phase_ambush.png,assets,YES,4708,1ed86d1425c90f59282ee4278af812282134d371a5283ee64626c5b4f8de0c28
assets/raster_2x/icons/phase_discard.png,assets,YES,1624,d57d0369d3a5560d8b1de69e61ef4452a82aa51347ce53b03b4ead9a37762011
assets/raster_2x/icons/phase_end.png,assets,YES,547,111a251f232ba944cdf12a0a3e056944d8bd952a68131ea8ce074a287a6338ef
assets/raster_2x/icons/phase_start.png,assets,YES,4420,9066e9c13082a04767a19bb769c44633c2b44be1359533837aadd7b9e2cf7089
assets/raster_2x/icons/play.png,assets,YES,1712,7d0552870bf4b81b93c328b8afb5b20875b16a1739cdacccbb6ecd1ecaf55add
assets/raster_2x/icons/punish.png,assets,YES,9051,c037a9f2b2c10537b77e993de730df7f538a5fc89fda27db28ab56891c40ab27
assets/raster_2x/icons/rematch.png,assets,YES,4804,ef698491afe7f8b2209297d8d52c3f64f093b728c8a5be8eb3b0ff184c5c36bc
assets/raster_2x/icons/rules.png,assets,YES,1275,f020aa223b7651cbd9025f6808513833ea6591dbedd22725029b4be7adada7e0
assets/raster_2x/icons/rush.png,assets,YES,3472,818dc12ddfa7eeddeebcb90578add1afb8e61752d599e99c590e5cfe7749d0a0
assets/raster_2x/icons/settings.png,assets,YES,4010,f13920975d9a5e0139fa1e872157b31dbc341304b48644d502b222c3f0e43612
assets/raster_2x/icons/silence.png,assets,YES,3284,8834c0b5073e283142ce7df7d133d5ca2380fac9e043027f8aba3a0a52a6898e
assets/raster_2x/icons/taunt.png,assets,YES,1276,ffcbc07e76169cabe75e7c2d2da37a3af585cc70e6fc80574c98d61a9062723b
assets/raster_2x/icons/victory.png,assets,YES,2928,c3d8a3266c2d302be7b19344828a44b32efecbed92fdf528b11ba168b46074e4
assets/raster_2x/icons/ward.png,assets,YES,7993,93d921351fb803698895094c51a6ff35486fb257a7eb47dc391b3085ce35559b
assets/raster_2x/ui/archive_panel_9slice.png,assets,YES,1937,0e436c0c53102d4ebe6691c522fb43e7b9a1971a6250435ee145fc60176171f7
assets/raster_2x/ui/archive_tab.png,assets,YES,911,0ddb270c3bbeb13652f87cc2466b1cb358765c8c625b61d4b86b94290cb41361
assets/raster_2x/ui/battle_report_frame.png,assets,YES,4674,bcacd71dd51e73653b49a72dcf6d7de5a021cf570ac60496e81558f411c5f3ab
assets/raster_2x/ui/button_stamp_9slice.png,assets,YES,1805,6b927c8ad25b9e7032a68521de0befc9102fd9bcb2d24fcca6625849760fbe51
assets/raster_2x/ui/chain_tab.png,assets,YES,998,c37860acbb189e16e2b1e8d247c0db41c045f6d16cfea95e7bd9763cc90316e5
assets/raster_2x/ui/chant_progress.png,assets,YES,26270,b508baaf360bfee3a54b80ff3b7bbfdb25c069e18d41ef461e289791f01be90d
assets/raster_2x/ui/counterfiled.png,assets,YES,14227,eafd3d7d395ad2d699bf24edf6434026445891c4427d05a7ed02c0c83480b522
assets/raster_2x/ui/damage_cut.png,assets,YES,8854,515c6c0843f2ede7f89455050a88a2e13b7dfb17f150fda124cbf01b26dfa274
assets/raster_2x/ui/deck_add_stamp.png,assets,YES,5807,a78a7bf4becd9b98af3d4f3ce19614a8a6ccfe97ff6f3bfbd01e9b27c5ef5fac
assets/raster_2x/ui/deck_remove_stamp.png,assets,YES,5857,7487da9e5d45897820fc6cfecc46c10b2e28a74201d6f575e6f2a12459e8efab
assets/raster_2x/ui/divider_rule.png,assets,YES,240,f7cbbf93f74af8c29634065a2409045d998746ff65953d52eb34a90ec0b121be
assets/raster_2x/ui/drop_invalid.png,assets,YES,2506,2126894d88059d67615b6d677d7ce7231ca1c787ed3f4c5c8fba6bb18e561737
assets/raster_2x/ui/drop_valid.png,assets,YES,3662,4f5123cc79ea56f6f810e73098d58d95c723ff90b903d2c2cdece29c0c4eaee4
assets/raster_2x/ui/focus_ring.png,assets,YES,1159,6e55bec6ea153df5bda5cac51e845767eeeba582cb31349e9c039e5806b39854
assets/raster_2x/ui/folder_slide.png,assets,YES,3828,7eace337ffb3cffe2245ca2f499f8e5c03542bc1803ca83ffec2790810a170e3
assets/raster_2x/ui/guard_blocked.png,assets,YES,8222,86d5d88a6c3ecd087819ddbc6889d9c0a1e7cee51cf697a7cf3a51061ba7d8be
assets/raster_2x/ui/heal_repair.png,assets,YES,10768,b4ea5034dfa177b623bf476ce177d101a1a16c72d25a04d1dd8161f61cbb2ef5
assets/raster_2x/ui/illegal.png,assets,YES,7035,3167921f89a14b70408a4db315a9ae8c2f6a465939763ad9a3bd2bfb60886405
assets/raster_2x/ui/index_shift.png,assets,YES,2225,854e281a1f085f840d38fadb097cec91adb67c1db8a44b0269d610110c921e5f
assets/raster_2x/ui/king_slayer.png,assets,YES,7051,fec74ed75f48d5b6a0460c98c97b102848057c470a9f66212d0b0d8bc0e05731
assets/raster_2x/ui/legal.png,assets,YES,7318,7b5fa5001614acabd3d80f5061297d933cf89e8c84a808a9bc48209f9121a200
assets/raster_2x/ui/locked.png,assets,YES,7352,bad967e5f3961aa038797dd140a63aebf6af1e977bfc376a11fe37ca7eace02b
assets/raster_2x/ui/normal.png,assets,YES,7027,bc8dfc9eff8759a4185ef47681275159354ed1f741960d7249d620c4ad1413f6
assets/raster_2x/ui/paper_register.png,assets,YES,4684,67937564f0c8c39003f07cacb4ff49f70157b0939b317e61590a406d613a06f1
assets/raster_2x/ui/phase_stamp_frame.png,assets,YES,1938,a32df4b647499ad6aa619f9eb7a9657c05ff8d6ab607763aba6b97656610576b
assets/raster_2x/ui/redaction_wipe.png,assets,YES,8559,334317982a30b130131725b21aab35314e2dd83fa383b651481f7cc132cac28a
assets/raster_2x/ui/resolve_pin.png,assets,YES,3501,ebd42ef8880b4083ca48b2da4191ef21cc3ab6927cff2c221bfcf565d873edf2
assets/raster_2x/ui/result_frame.png,assets,YES,16114,6a103ccb695e6fffdca623ffb5087f2dbe04f0026ca3adf9a1f9802749d415f8
assets/raster_2x/ui/royal_castle_master.png,assets,YES,40714,df9d63d287edebeda9ddac58e1687767104e60bea095e294ecc6da9d1c28e0f1
assets/raster_2x/ui/seal_break.png,assets,YES,12419,18f6ac0728f178ed57e66b59e9f80892555bd88c7855090c25ece4917da83de9
assets/raster_2x/ui/seal_broken.png,assets,YES,6248,ca0a5b630dafb18aefc543206d87066a0ee113e95aafdd78208c152e04d48d6b
assets/raster_2x/ui/seal_closed.png,assets,YES,8464,70f9cf6e9b15726ee34f741b0d927fc47a558cbd5c6bf2e8a681ae1868cb51b2
assets/raster_2x/ui/sealed_slip.png,assets,YES,4235,27378107cbde513ce5718d1433818c10bc2104bd5a1e80801f8a0a1edfa9e533
assets/raster_2x/ui/selection_bar.png,assets,YES,726,57b736a8d81a87a490865e6a29529d6900ae80f605b34411bc2cb8b0530f2aab
assets/raster_2x/ui/shield_stamp.png,assets,YES,17852,518cc59f817e18439b38352d10b1de25fcdb824d7185d51fe045904c11f0286e
assets/raster_2x/ui/silence_redaction.png,assets,YES,10038,757aa21dcb1dd8527b601481d3cc14dfe2bc4a8be5b0645081f767e32995f29c
assets/raster_2x/ui/ticket.png,assets,YES,1972,747821b7c2ce621f60686358654840540c1ead9cdee67215b882f1a1b8b12e38
assets/raster_2x/ui/tooltip_9slice.png,assets,YES,1857,5345256e71bd7c762ce584be4715df52cb773312213d86415ed2fc3a60e26ca4
assets/raster_2x/ui/validation_mark.png,assets,YES,2378,f3302e7ab612f3e82d5e5f9c1f2fac8873404e5775ff8a2dadcddae15b7fed02
assets/raster_2x/ui/victory_count.png,assets,YES,1152,afc1ab06abd6863d4ff8f35829b818429b8b2b46a16e26cd20941570a0915599
assets/source_svg/card/ambush.svg,assets,YES,229,28441922a4ad4dc5c1d3caafc433377dfb0814038f8551dc9fd45e9b761588f5
assets/source_svg/card/ambush_void.svg,assets,YES,174,8bd9bd7fcfe5c870f093317273893fde1b4022c8604173c002125d301ded69d8
assets/source_svg/card/card_back_master.svg,assets,YES,575,902eb758ea02134f550395f53f728a1eae764792f1eb92760ba9b4591addf1f4
assets/source_svg/card/card_front_master.svg,assets,YES,1002,38e65b4185726e19cb0e013f61f783dc8c6fa22ebe137fdddb985d887f89cf66
assets/source_svg/card/card_slot.svg,assets,YES,319,f6de468a9046f0763018a8f657d92523adeaa6ae0a0571b3a1ebe42f56e40d85
assets/source_svg/card/destroyed.svg,assets,YES,256,764aabb2515fa1045e9b19d1da67fc85ae04f9255b0e11ecd09ba345282c06f5
assets/source_svg/card/disabled.svg,assets,YES,240,0665b7e0216d32b98e666e524e4e65296e8c96f7ab62971f34c83ee6e8e4c7b2
assets/source_svg/card/hover.svg,assets,YES,203,0a9dad14069072b73487d26352647338b717bbb525a929ff4b5c246ac7483252
assets/source_svg/card/leader.svg,assets,YES,264,a2e442068ba9810e6d5058435f222c1b666318d503d8ab76d7581d39c3451fc6
assets/source_svg/card/leader_manifest.svg,assets,YES,157,a6d1bbb2cdbc6a1bbc8b1fa9eaeb318612bb851e3accae2fcb73180f2c5d55cf
assets/source_svg/card/punishment.svg,assets,YES,259,01d86a24c2f73d8be880419972b5854680a4b251ea2e67ba053a326c9781f628
assets/source_svg/card/punishment_intrusion.svg,assets,YES,159,634bdc377f853547bce54de67ccf630b4f7c322e2ee2493320c2c0b0282cf883
assets/source_svg/card/selected.svg,assets,YES,237,213f1ff1526be0cd9be2531abb88e379b42de432ac086ee7715165bd538d6cd8
assets/source_svg/card/silenced.svg,assets,YES,249,e1b6e18330262bfa68ad216aeebd9ef472980f4e3914dc1ee2b775eb5244feaa
assets/source_svg/card/spell.svg,assets,YES,185,1a92ec658802ecebc933d4a02634edc2ec9550840c6f26deda2985542fc02b4b
assets/source_svg/card/spell_diagonal.svg,assets,YES,207,26bea1fd96cb81670c4343254d54a5afe9edba7838b94f6a3ba6d84306699ed1
assets/source_svg/card/unit.svg,assets,YES,329,3d44679ee786d3879fd324a67229228879506c367c29fb69a0b67e0ad92a0662
assets/source_svg/card/unit_breakout.svg,assets,YES,171,a631d0bbdda0cab34573963072071ff01e6201d04e9f1c0ada9ec5b72046346d
assets/source_svg/core/flame_seal.svg,assets,YES,322,98a3eb2d37a32669cdbc49fc15a0126caf3d9e7037623070d02414176a0d3c11
assets/source_svg/core/flame_wedge.svg,assets,YES,136,61f48658289daee695e939173a1f58926ac32f9a66f570e230006fe7101e87dc
assets/source_svg/core/machine_seal.svg,assets,YES,334,e8495ceb350d21eaeedb3c7803a5a9e3abaf16d1ddb2a39927e8586e0c222835
assets/source_svg/core/machine_wedge.svg,assets,YES,136,d287320629280b091aecf51b135f6a3651caa3074874c66c0f8a034cf5080de5
assets/source_svg/core/misregistration_grid.svg,assets,YES,470,ce6ac1a74333d824900b0825c1a2c4c08d342d139d4f3e44409e4d1e2c028eb2
assets/source_svg/core/neutral_seal.svg,assets,YES,335,5dfc0ff77b3c5e7aa637c4cd85cd46797ba82760b85b6e0d371cb42bb8e80309
assets/source_svg/core/neutral_wedge.svg,assets,YES,136,02f7a838fb57f7b2bef97d4b85d6add6392029342887d6b17cd560abd2f8b161
assets/source_svg/core/sea_seal.svg,assets,YES,281,a641b53cdcdaf981f98c945275aeeb9cff49060865ae9e9169a094c4e2fdb3a3
assets/source_svg/core/sea_wedge.svg,assets,YES,136,5a53db8e60277ed8d7706b3a096eb91f1ec97012ff8b9bebcb0bd55dc68e742e
assets/source_svg/core/wood_seal.svg,assets,YES,295,13bcf67c2608269f60b3521cb2c1e26b30addbacd9f7d3d836ad9434d6946c17
assets/source_svg/core/wood_wedge.svg,assets,YES,136,a65d265a004028e790ddd396b154cf2e928b21956aa5747eb8ca7eb7f2148fbe
assets/source_svg/icons/ambush_focus.svg,assets,YES,304,012f053275f4fb911551c8610535b827bd087d84fb58a7b735a9fce2fad85bca
assets/source_svg/icons/ambush_lockdown.svg,assets,YES,304,ef4ae672a6fcd746a3049bb461caf837c8a42387f9706cb46e0e2d5ea0555e4d
assets/source_svg/icons/ambush_normal.svg,assets,YES,268,c3174ef62ec2648d0b2b4961d2289214413a048803b58fc9fdceb7f9be1c34db
assets/source_svg/icons/back.svg,assets,YES,178,f88886e10512020a46aa7744f8723bc4ec8603ec9083f8e3a017482b6e1547e7
assets/source_svg/icons/cancel.svg,assets,YES,163,fe014a972305148dad2e88608ec2aaae7cae75342606febeef5eef911329e6ae
assets/source_svg/icons/castle.svg,assets,YES,273,e98c50312a960ad7143e718caa023428e301bd544979ce9d8c1d193c51bafcb7
assets/source_svg/icons/chant.svg,assets,YES,273,1f121754ac42080c31850b21f904239841c98585103d8405868bdb2815f46e47
assets/source_svg/icons/confirm.svg,assets,YES,169,716d9175f9f543a2210e53e85d58d887f4e202b83ea03b0dc1a8dd34b4fa9c35
assets/source_svg/icons/cycle.svg,assets,YES,302,850ef6fc9d919cc675dbdd772d51c4929f9cdb18099d36e62cdb27b758b890ec
assets/source_svg/icons/deck.svg,assets,YES,259,da5c8a5a9437af54589ebcd6709a134bab555d1ac08aa2d5f2ddb5a2dafc8c95
assets/source_svg/icons/destroy.svg,assets,YES,280,93ceb4dec6df963ff5911c362aef732a9d42224aacfe33df57be6535962a884f
assets/source_svg/icons/discard.svg,assets,YES,246,34e880e7c87834825adbd3f2eac9f6f10eb6e95e8ddba79a789dc9e4ffb54803
assets/source_svg/icons/draw.svg,assets,YES,250,8d0fbba2f99f64c6d7a8c184bb56044f63dffcdfd1bc4e3587738c6c02c100c0
assets/source_svg/icons/durability.svg,assets,YES,277,9bf7a3cb214ea5dc61a8d17fce66afe6c8dbf0c2674df28e9c665ae8f0146dca
assets/source_svg/icons/guard.svg,assets,YES,291,47c16c1eece879f9cf7059d866fa2f0ceb6d917a929b95afe6a31d14152fe891
assets/source_svg/icons/heal.svg,assets,YES,246,e09784be16c40e04636b39830852d43fff8df43c4ec0547ecd1dc332d500aee2
assets/source_svg/icons/info.svg,assets,YES,235,4107a2f45c53d788cf43cf8b3ac7ab45072e777cdcef24e29fd19e8980a74632
assets/source_svg/icons/king_slayer.svg,assets,YES,286,d236643215806bd7d91a7f7d8ecc70939fdeb8d9c31ed1d0a6ee31ff0aef9dac
assets/source_svg/icons/leader.svg,assets,YES,281,e80c9edd52b8f482b599ccced2341fc1b3afac381c638711949f01429f18a52e
assets/source_svg/icons/pause.svg,assets,YES,158,14fd14df6128c2112b63cca7f7d0316afb1695998a0a42c0d788fb524d78a7ba
assets/source_svg/icons/phase_action.svg,assets,YES,221,8666603f079802ffd4eb431d6e689b1f2b22ede940ef52b4a9e3f59bec5747c2
assets/source_svg/icons/phase_ambush.svg,assets,YES,229,bf40f4550cf3322c52573b491cb559594c1755c0c2d7a60cc3e9e0c928163d5b
assets/source_svg/icons/phase_discard.svg,assets,YES,260,ec181e1851e53a2fa377eab6369a295bbd3e4ca44ff65f2b8c889f2b7de06837
assets/source_svg/icons/phase_end.svg,assets,YES,228,80781e6b122d66127f7baaa63dccf480b85d98322584a1d902b9cbb98d4ac1db
assets/source_svg/icons/phase_start.svg,assets,YES,253,f55da7f38f023d8e6054ce1e07e9c5350dc0e1677dbb18a8120f387e42719bb4
assets/source_svg/icons/play.svg,assets,YES,170,3d1fb4fd94eb0dc370a08b9c31014f477e8ce78aeea2915a303bf761f61a7c3c
assets/source_svg/icons/punish.svg,assets,YES,299,071758f223bb5e97ff514543aa6375f3430cc09100ed5c3b3150b0a4e087f042
assets/source_svg/icons/rematch.svg,assets,YES,245,a74391db46e5e7fc374059e68b9589d940c8f439c6634f27da8e7262f6208251
assets/source_svg/icons/rules.svg,assets,YES,231,15354b3afbff2dab6bacdcc65c88beb3646e611adbc51adc91e78b3d6f286625
assets/source_svg/icons/rush.svg,assets,YES,240,75899944afbb31998d5b02d9f62722421e6aad95dcf2e34582e1580e2a5a0895
assets/source_svg/icons/settings.svg,assets,YES,301,61aa59a5886447ffa546388623c86f7631ac98b91201d5886626700da8e87574
assets/source_svg/icons/silence.svg,assets,YES,270,79da91a2d3a7ce7e4fb2bc0d1f5c2ee4440e75059fd14cda856d7a4094d30305
assets/source_svg/icons/taunt.svg,assets,YES,251,e071b28f9dbe35b3fba916a88b7769d116745c21691d759c32e3f7348e9a6199
assets/source_svg/icons/victory.svg,assets,YES,304,9c3615d886a24ce9fdd79d6ea1ab16fb84540c12a28c0fde49458c416612df70
assets/source_svg/icons/ward.svg,assets,YES,299,25f805406b48182a7e22db9c08be8f10525f5af6608d67e6daa6310408c684bc
assets/source_svg/ui/archive_panel_9slice.svg,assets,YES,320,9e2ca9627ac54caf684e860b551def21f2d67b806f9593caf9013f02a375b77f
assets/source_svg/ui/archive_tab.svg,assets,YES,245,2c2b1b5ce00a3fb3806d8c15e381915b331845d0d83949d7b724f73bb4003fc1
assets/source_svg/ui/battle_report_frame.svg,assets,YES,289,31ac805624adcd5beab36ffa7469b165ae20707c865590731b9565b1d720c4de
assets/source_svg/ui/button_stamp_9slice.svg,assets,YES,251,ee00be2716f545d92ac4a7b2a7e933d5a987d57a87c6f1fe67354bd6de14280e
assets/source_svg/ui/chain_tab.svg,assets,YES,223,74d27f0aa35b1218b218ec2a2f7f3d9b1a67963ea55daf1e16fdea9bddc4b340
assets/source_svg/ui/chant_progress.svg,assets,YES,342,890a1c3d2cbe3abc176345400520eec523137fb5226803f718e8f6d2538a365e
assets/source_svg/ui/counterfiled.svg,assets,YES,373,229440ed59d893236a78e2c6515f470b365563851d540b2cd0d29db16629e179
assets/source_svg/ui/damage_cut.svg,assets,YES,220,c43b39e02f97b0bdd904825957872c25446987e59fc2a14aafb23460b3f4bd09
assets/source_svg/ui/deck_add_stamp.svg,assets,YES,231,67b06875cb2b3572c530863bbdd4458246c973642e8666975348ecd25d8bd238
assets/source_svg/ui/deck_remove_stamp.svg,assets,YES,222,5fc0dcf8260d5e9e42b7e9243a5b3d8bd6b24c805007754b8bbe40c89cf6b677
assets/source_svg/ui/divider_rule.svg,assets,YES,200,977290c4a1314b0adbf540d2eab830a8385e62d462df821db94113f3ff49d916
assets/source_svg/ui/drop_invalid.svg,assets,YES,278,c9abfbe1c528cd9e5e42b49a94d5260ed64e5d4fe0ecfddaec26578048af89a6
assets/source_svg/ui/drop_valid.svg,assets,YES,284,ed9954d7597f2c293e0853966764c9483e06e33820f14445fbfa9f150a8bb2b3
assets/source_svg/ui/focus_ring.svg,assets,YES,329,f018abaaeba0ad56176549827990de28d3bf634bbd2f7255989dc3c9f1bf3a24
assets/source_svg/ui/folder_slide.svg,assets,YES,145,297246fd1ea51f84c93527b04fed8166b94b4208d92800f2f04a46eeac847e2d
assets/source_svg/ui/guard_blocked.svg,assets,YES,369,08bca85a7ab91b9037285740526f73a17484d77a4823364b94420200fc8bc482
assets/source_svg/ui/heal_repair.svg,assets,YES,267,30e72f08502bb863cd9ec49fc62c0b3e206abffcd4272ed10238e08a2557d3ba
assets/source_svg/ui/illegal.svg,assets,YES,314,be829fde1381e1628da1bdf06305bead54b8ed933f2a6c3b031dd714ad9f2870
assets/source_svg/ui/index_shift.svg,assets,YES,190,2de8a4d70c7560dcaee9b49aa349552667ea03d5d5a5c3afa10e5c898c133952
assets/source_svg/ui/king_slayer.svg,assets,YES,314,3f4e5f2e32cf5c668c8f29d6901dc6dd17dd682a8b515dd4f5cb07839d242d47
assets/source_svg/ui/legal.svg,assets,YES,256,36f3a5f38afc56e4604ba3becaa590e31687d0b37346db12991ccc253842ac92
assets/source_svg/ui/locked.svg,assets,YES,256,05b41420138d55695e7eba0f23c822ced23b35c6bbc9d17e8b8d326c0634ad76
assets/source_svg/ui/normal.svg,assets,YES,256,db1bb151c635f8ce2bf6fbee27565a201f0a61e6c51567075506ca96c1572f73
assets/source_svg/ui/paper_register.svg,assets,YES,277,9d3f1b9c652cbbeb2edaa0e719d9aeda7364f5b2ca33eea522597c069e90430e
assets/source_svg/ui/phase_stamp_frame.svg,assets,YES,251,7df3a88f4ea53d21ce4f37650d6813c3238b839bcdcd1a617e4aea8de20c2517
assets/source_svg/ui/redaction_wipe.svg,assets,YES,168,8a67a901fd5cd015c4c84883ccff92a3e6c58e38ca537d0b68dd10376089d666
assets/source_svg/ui/resolve_pin.svg,assets,YES,241,10a50b8b854f36f75f9e204d954ddd5cf64bcdd803f97384b61530ec9eb7eb74
assets/source_svg/ui/result_frame.svg,assets,YES,330,8a6cc77dd7f7e25cde902e63240412ce2f9bf3961f668c3a2904c3e22295d5c8
assets/source_svg/ui/royal_castle_master.svg,assets,YES,635,97cead214602bb32585c55a21ef1c0028f181193478e6b82a64a52617745187b
assets/source_svg/ui/seal_break.svg,assets,YES,258,89be74d020820c2f4a062f3109f4c7ad1a62c4af2d0d20d2dd8b9b4f3a3f38b2
assets/source_svg/ui/seal_broken.svg,assets,YES,287,14add722f075a389bf2420abb879b0bf71cd9f45cf111b2d1466d0710ad1c22c
assets/source_svg/ui/seal_closed.svg,assets,YES,296,67173a481f616324c67539c4a8588bb78db44549dcaf24d7f36168c4ac77612a
assets/source_svg/ui/sealed_slip.svg,assets,YES,399,2290975e92c2e94010df9eb901efe37b147b5f5d4f7c4fb30b9b527e29e13b2a
assets/source_svg/ui/selection_bar.svg,assets,YES,221,4daeb14591e94a560dcbfe18d5557f7c9e6e0545d4c85f6ac4ce1bb10f354b31
assets/source_svg/ui/shield_stamp.svg,assets,YES,233,93571a5c9413161e3de568a46ba9a1cc343721844fb97dcb5af8e7011b7c3274
assets/source_svg/ui/silence_redaction.svg,assets,YES,274,09fb0648096f5e19912f319ad8863fd6ea51a34f652b909ad73e75185c63c4ee
assets/source_svg/ui/ticket.svg,assets,YES,377,b5bd321923bd5360ee89901f0a24b48710172c63747b76c4aadc74d28da6e972
assets/source_svg/ui/tooltip_9slice.svg,assets,YES,236,99fcf408b2d860848382cee5d0589b611e5ecfc76bed1dadb8ce94f3f366da5d
assets/source_svg/ui/validation_mark.svg,assets,YES,226,9923c27e1e22e0fa6fba20fd3be5b20de53d5060f0a638756163fb107f61841d
assets/source_svg/ui/victory_count.svg,assets,YES,333,bddda646df3a8e0cc3f6f68c91763e0546f7c1f81fbc866e052695dbc3190c9d
assets/textures/halftone_tile_64.png,assets,YES,224,cdf9eb0a3f32dba1d4105b4cd3a4f915d6eaabeb5c667c70102aeef56cf169fd
assets/textures/ink_speckle_tile_512.png,assets,YES,63629,143105a771e0d708cb7c49547fb8ba2d713e6d859612375365007f4c8e4982a3
assets/textures/paper_noise_tile_512.png,assets,YES,245811,628a38958af6882f0dbc8098774d8c6d0a1c6c73027d45475bf8033ebfd5b7a5
contracts/ENGINE_ADAPTER_CONTRACT.md,contracts,YES,995,8d9ecd5afe096dddb817366f2c0625bb47ff0b94cfe5c82f76a880e6fb8aeaa0
contracts/battle_state_machine.json,contracts,YES,1744,8f0309d912f849a8172a1e3223e33faa1e9dfb62060db3c9ab93c37a8c8ac49e
contracts/component_registry.json,contracts,YES,2662,1a194b8508a9e2a39f25828ae0966765638491f5565a1332d0ea57d747d9c40d
contracts/game_action.schema.json,contracts,YES,787,2a5274b3bbc11323ff6c93263723421939398a54833dc4de6932cd07e78de7c7
contracts/game_snapshot.schema.json,contracts,YES,1010,5046040eb1013e1de5c45b012e3d47f1a8eb449e9618ca4d2fe428a1a3bd3391
contracts/layout_contract.json,contracts,YES,1714,3eda4fe734dd43b47220f14bce4eaa4d8c5d882b9ea1f7b4cf9abd851b77a243
contracts/localization_keys.json,contracts,YES,763,be9ef41f384cd6abf0d513921cba29e7f91c7a90490a413e1ee35739611ecb13
contracts/motion_primitives.json,contracts,YES,3975,af1fefca12f92fe84aa598fb27ba151120de8d3cc613e6ba0720e0472bcba1ca
contracts/runtime_contract.json,contracts,YES,1328,39811735b008154532dd7c2d9220513d614bd7ea7e0f2681bddaa3f4f9772985
contracts/screen_flow.json,contracts,YES,2651,4b313fc3f417c25e718de365272139518583034c0b7f19d12f52525332bf7d00
contracts/skin_manifest.schema.json,contracts,YES,705,86da0595d6d717753e9193f92b05035351ad925370455430c30caef0e2d7f504
contracts/text_slots.json,contracts,YES,1713,24c3e2269c69fcfe439e27c73836b9f8201a736fb7097f0fb68a4baae37348df
contracts/theme_contract.json,contracts,YES,755,f869504820e61a17277dff12bfa96395aeda225ed623f4a698b87cbc97fec37f
contracts/ui_event.schema.json,contracts,YES,1444,6e9a26fbf3533018048eaf6ecf95e7ceec91714abaa50be983a08f1c1894aff1
docs/DW-HANDOFF-001_Game_UI_Asset_Function_Handoff_v1.30.docx,docs,NO,620876,11ee83f67b65ad45e8503b2996412ca11d68ecb980ba711dcac725728a724be2
docs/DW-HANDOFF-001_Game_UI_Asset_Function_Handoff_v1.30.pdf,docs,NO,866078,83679a38802e9143eac7e96f6340955ae7ef6de08c76011315dc24250aab9ad1
manifests/ASSET_MANIFEST.csv,manifests,NO,47572,d5eff5248d4b811bf07b7a493e42f023d021a941b31b33cc5bcb7b931460d8dc
manifests/FILE_INDEX.csv,manifests,NO,43116,a6b993e58853ac480211639a1960ebced99acbdc0bca6798d3456235ee79326d
manifests/FUNCTION_MATRIX.csv,manifests,NO,1915,4785722f89eaec025a07c3707ab0f6657bf9a21e979129313253703f668c07d2
manifests/IMPLEMENTATION_TODO.csv,manifests,NO,927,cfb8940eec47c945ecc1ad03fba004de678fbf7fcce6bbc8cbc6dbc0b4aa3aa9
manifests/PORTABILITY_MATRIX.csv,manifests,NO,490,0097c43e804d91d873687f7274f2ca8d6712480ba0ed2cab2fe2b3394513f002
manifests/TRANSPARENT_ASSETS.csv,manifests,NO,6447,ee28fd9f9bdd2ce8724c1307087c3f637786f2803987c037fbca2fbecb65b5de
motion_previews/castle_damage.mp4,motion_previews,NO,45630,c5d61127d1892b0b624e77a43a4d253f6379d1062a9a29e5db47a38a2d27d4e6
motion_previews/phase_cycle.mp4,motion_previews,NO,212494,4ed4d7372f1fc32b6bedca0d83d367196811299b605ad0e3e43baa0ad17288de
motion_previews/punish_chain.mp4,motion_previews,NO,66119,3b915a0a0ca0dcf3bec05b74d8c1466f8492a27b165576c438c1510b44867b71
motion_previews/result_filing.mp4,motion_previews,NO,28607,6461049f487bc253f9f78e1a3f83a34442365651c6759f509335f8ed8d855dc9
motion_previews/screen_navigation.mp4,motion_previews,NO,56197,a55f6b8502b77a99cb865858857ba71e1d50ed944ac3e48aac76c23cd7007029
motion_previews/targeting.mp4,motion_previews,NO,63868,d5f89437b0b800a2d646c7f799a2f139c4ae67ed606f9c39212173716bc4dd18
previews/01_game_flow.png,previews,NO,61569,bdbf3d18983f85f05946b1de16656ba1707b08d5dc6263ee05b5d65a507e2106
previews/02_battle_phase_states.png,previews,NO,122398,6f59f4f1af12bca0f9022aeef16d8f19ebeee1212770dea9a9d716bf5433c2d4
previews/03_action_targeting.png,previews,NO,58010,056578eb5c5a8b79359b5379b7e582ef8b2084060e0bad727c276d6db6aac15b
previews/04_punish_feed.png,previews,NO,55968,d6247e535cb5798c803baee347e552b37ca69fd51caa422f572f3c8ea1edf1b5
previews/05_castle_state_system.png,previews,NO,48311,0601458006d1c320cabba42a8f425902d0bcfddd808f7fb97f54cb1b7a5db9ca
previews/06_engine_portability.png,previews,NO,70588,bc031d77651581d37b0eb7e737fb2138f0909570130f0153322824c54887c1ed
previews/07_asset_swap_model.png,previews,NO,79641,6435ac16e2660a5e4eb688094feba6116a7ca2961aa59819521faa0d2b8f1c81
previews/08_file_map.png,previews,NO,127970,9f93372bbb5bc4c8644b4c5378b97d302db0df8b2226389d3fc3eb91c8b1f921
previews/09_transparent_asset_sheet.png,previews,NO,147465,907ea2c93253242bf343857ea11983c4f09c65b4a914afb03336acc4b765f7c4
previews/10_screen_contact_sheet.png,previews,NO,90603,7270be58caf83c9f2c9b840540c034290ef7740c663ce41f82dd1a37efa52401
qa/docx_a11y.json,qa,NO,2418,4ebd1f5e94c73f0fdfa4d30c4e8a538f951c9d77c286c278a937ae76e1ce4b69
qa/docx_a11y_final.json,qa,NO,209,cae2ae27d0b325dc2af195177110aadc195b518f3910f26f5a600abcd886554b
qa/docx_a11y_fixed.json,qa,NO,215,a82a56925a5eef6be468121fcee9b733f424c3247981f399015181f80ceaea08
qa/preflight.json,qa,NO,702,d452f0ce77b17222b9c7b25405b65c2715db6d31406fa2334e64b27225cc0ec7
qa/textless_asset_gate.json,qa,NO,46,960833c68cc50989f513ef3b5d8cd2aa9d5bf1528bd6fb1ded05999ed506ac69
skins/default/theme.json,skins,YES,755,f869504820e61a17277dff12bfa96395aeda225ed623f4a698b87cbc97fec37f
